millis,arduinoId,temp,humidity,pressure,uva,uvb,uvIndex
28753,1,20.80,58.56,76.15,14.64,19.23,0.04
92117,1,20.70,57.73,101.40,13.84,18.99,0.03
millis,arduinoId,temp,humidity,pressure,uva,uvb,uvIndex
16592,1,21.05,57.93,76.15,11.24,4.71,0.01
79925,1,21.16,57.27,101.41,448.03,206.34,0.59
169600,1,20.12,44.21,101.42,667.13,337.67,0.92
240739,1,17.82,45.30,101.41,722.42,371.43,1.01
311787,1,17.21,45.61,101.41,749.38,419.85,1.09
382836,1,17.25,48.30,101.41,728.83,418.39,1.07
453884,1,16.84,52.27,101.42,743.45,446.49,1.12
524942,1,16.64,54.07,101.42,824.63,454.89,1.19
595991,1,17.14,48.60,101.41,860.95,465.42,1.23
667039,1,17.05,46.36,101.41,870.47,482.31,1.26
738088,1,17.36,46.86,101.41,938.95,482.85,1.31
809136,1,18.68,40.96,101.41,1137.37,614.65,1.62
880185,1,19.07,30.15,101.40,1204.51,662.18,1.74
951233,1,20.29,21.60,101.41,1084.16,514.67,1.45
1022282,1,20.98,23.43,101.41,1056.79,510.32,1.43
1093331,1,21.23,25.33,101.41,966.66,454.23,1.29
1164379,1,19.21,30.88,101.42,1076.45,490.32,1.42
1235428,1,19.27,25.97,101.42,1081.35,521.48,1.47
1306487,1,19.50,26.62,101.42,868.65,380.96,1.13
1377535,1,19.64,34.83,101.42,738.03,311.63,0.94
1448584,1,19.34,37.14,101.42,687.91,331.00,0.93
1519632,1,18.98,42.11,101.43,777.86,425.47,1.12
1590681,1,18.70,41.72,101.43,860.59,445.22,1.21
1661729,1,18.70,39.53,101.43,913.11,465.34,1.27
1732778,1,17.75,38.39,101.44,984.69,458.89,1.31
1803826,1,17.77,33.82,101.43,972.21,479.15,1.33
1874875,1,18.39,35.22,101.43,946.41,476.68,1.31
1945923,1,18.79,37.17,101.43,955.85,490.41,1.33
2016982,1,18.98,37.37,101.44,930.77,485.02,1.31
2088030,1,18.86,38.84,101.44,890.85,499.98,1.30
2159079,1,18.57,42.76,101.44,880.80,500.19,1.29
2230127,1,18.36,45.35,101.44,913.59,495.05,1.31
2301176,1,18.66,43.52,101.43,1058.16,561.02,1.50
2372225,1,18.86,36.63,101.43,974.34,570.13,1.45
2443273,1,19.52,41.20,101.44,1383.77,589.66,1.77
2514322,1,18.41,22.32,101.42,1051.57,610.35,1.56
2585370,1,17.30,40.46,101.44,1050.11,637.43,1.59
2656419,1,17.79,42.83,101.44,1157.83,630.68,1.66
2727477,1,19.50,33.65,101.44,1480.74,630.91,1.90
2798526,1,23.89,10.04,101.43,1357.18,655.24,1.84
2869575,1,22.57,13.80,101.44,1950.07,527.90,2.11
2940623,1,25.09,-19.21,101.42,1817.41,563.00,2.06
3011672,1,21.91,-19.84,101.41,1108.51,478.40,1.43
3082721,1,21.29,14.89,101.43,912.54,449.51,1.25
3153770,1,21.29,23.41,101.44,658.06,328.14,0.91
3224818,1,20.87,37.07,101.45,493.29,246.24,0.68
3295867,1,20.73,43.26,101.44,393.40,191.80,0.54
3366915,1,18.02,48.20,101.45,397.18,190.48,0.54
3437964,1,16.79,53.67,101.45,415.08,193.93,0.55
3509022,1,16.66,55.17,101.46,465.37,222.49,0.63
3580071,1,16.64,55.35,101.45,679.22,392.81,1.01
3651119,1,17.32,52.27,101.45,814.42,471.43,1.21
3722168,1,17.43,47.83,101.45,808.94,408.12,1.12
3793216,1,18.45,44.50,101.45,1107.78,687.15,1.70
3864265,1,19.09,12.37,101.43,715.14,342.62,0.97
3935313,1,17.86,43.06,101.45,742.75,374.88,1.03
4006362,1,17.66,43.44,101.46,655.73,314.66,0.89
4077410,1,17.82,45.87,101.46,705.52,365.12,0.99
4148459,1,17.21,46.01,101.46,904.04,505.70,1.32
4219517,1,17.46,43.51,101.46,1096.39,559.55,1.53
4290565,1,17.54,34.07,101.45,1627.92,779.03,2.20
4361614,1,20.86,-22.01,101.40,1217.13,652.56,1.73
4432662,1,21.21,20.81,101.45,1844.97,910.79,2.53
4503711,1,21.64,-35.68,101.38,1516.59,615.81,1.91
4574760,1,24.64,-42.51,101.37,454.60,180.50,0.57
4645809,1,21.12,36.18,101.47,322.05,137.98,0.41
4716857,1,19.55,47.96,101.47,454.37,319.60,0.75
4787906,1,18.57,53.50,101.47,693.88,522.26,1.18
4858954,1,17.68,54.96,101.47,973.54,614.49,1.51
4930013,1,17.61,46.00,101.47,950.83,465.36,1.30
5001061,1,22.87,30.02,101.47,700.86,369.58,0.99
5072110,1,20.54,36.37,101.47,631.42,318.08,0.87
5143159,1,18.79,41.71,101.48,845.39,530.46,1.30
5214207,1,18.84,45.63,101.48,869.61,627.64,1.45
5285256,1,18.04,52.42,101.48,2137.12,684.78,2.45
5356304,1,22.23,-29.34,101.40,1979.82,880.60,2.59
5427353,1,25.20,-19.50,101.44,1734.62,760.46,2.25
5498402,1,26.73,-14.88,101.44,2115.62,733.32,2.50
5569451,1,27.11,-39.84,101.41,1568.92,746.20,2.11
5640499,1,24.66,-8.49,101.45,2053.71,516.22,2.17
5711558,1,26.14,-50.47,101.39,1924.99,393.14,1.92
5782607,1,26.70,-54.39,101.38,1145.83,625.39,1.65
5853655,1,25.75,14.24,101.47,900.87,429.51,1.21
5924714,1,21.95,23.07,101.46,749.67,367.89,1.02
5995773,1,20.27,30.97,101.47,733.78,374.28,1.02
6066831,1,20.27,35.88,101.47,642.57,300.71,0.86
6137890,1,19.39,38.95,101.48,677.98,386.24,1.00
6208948,1,18.66,43.04,101.48,651.47,362.16,0.95
6280007,1,18.43,45.21,101.48,510.07,269.41,0.72
6351085,1,17.86,49.48,101.48,352.15,175.74,0.48
6422164,1,17.12,53.93,101.48,348.21,202.54,0.52
6493242,1,17.11,56.09,101.48,344.42,188.71,0.50
6564321,1,16.95,56.32,101.49,369.22,213.58,0.55
6635399,1,16.95,56.96,101.49,417.11,259.42,0.64
6706488,1,17.25,56.92,101.50,414.51,262.94,0.64
6777586,1,17.55,57.62,101.50,391.41,232.56,0.59
6848685,1,17.52,57.32,101.51,365.92,221.24,0.55
6919783,1,17.29,58.50,101.50,338.42,203.51,0.51
6990882,1,17.21,59.46,101.52,380.87,230.02,0.58
7061980,1,17.18,58.87,101.51,404.47,228.70,0.59
7133099,1,17.59,58.12,101.52,437.07,240.38,0.63
7204217,1,16.96,56.65,101.51,572.67,335.89,0.85
7275336,1,17.29,54.55,101.51,811.82,487.75,1.22
7346454,1,18.70,49.03,101.51,1026.20,624.97,1.56
7417573,1,19.61,41.15,101.51,1038.66,560.92,1.49
7488692,1,19.93,36.18,101.51,884.50,438.08,1.21
7559810,1,21.04,37.76,101.51,840.01,475.53,1.22
7630929,1,20.82,39.02,101.51,804.31,474.64,1.20
7702048,1,19.59,41.60,101.52,670.81,371.51,0.97
7773166,1,18.02,46.47,101.51,503.91,266.03,0.71
7844285,1,18.12,51.83,101.52,389.69,205.22,0.55
7915403,1,17.25,56.21,101.52,308.57,157.62,0.43
7986521,1,16.89,59.26,101.52,270.98,145.72,0.39
8057640,1,17.05,61.11,101.52,285.51,162.22,0.42
8128758,1,17.30,61.45,101.52,349.95,205.95,0.52
8199877,1,17.86,60.83,101.52,398.13,223.92,0.58
8270995,1,18.21,57.52,101.52,625.40,401.15,0.98
8342114,1,18.29,53.29,101.52,717.93,408.08,1.05
8413233,1,18.93,49.53,101.52,7.16,10.32,0.02
millis,arduinoId,temp,humidity,pressure,uva,uvb,uvIndex
15791,1,20.93,67.85,76.15,12.36,18.08,0.03
millis,arduinoId,temp,humidity,pressure,uva,uvb,uvIndex
millis,arduinoId,temp,humidity,pressure,uva,uvb,uvIndex
15791,1,22.18,60.99,76.15,12.40,16.46,0.03
79168,1,22.23,60.60,101.66,11.73,16.20,0.03
142641,1,22.36,59.90,101.67,11.05,16.53,0.03
206027,1,22.66,59.48,101.66,11.28,15.89,0.03
269421,1,22.95,58.84,101.67,10.17,14.10,0.03
335083,1,23.21,58.14,101.67,8.62,12.41,0.02
398594,1,23.46,57.43,101.67,8.84,12.36,0.02
462113,1,23.68,57.04,101.67,6.84,10.36,0.02
525521,1,23.95,56.36,101.67,7.84,11.36,0.02
588938,1,24.11,56.10,101.67,8.29,11.67,0.02
652460,1,24.20,55.79,101.67,8.29,11.67,0.02
715983,1,24.30,55.38,101.67,8.74,11.98,0.02
779508,1,24.50,55.12,101.67,7.52,11.03,0.02
842948,1,24.61,54.69,101.68,8.86,12.55,0.02
906454,1,24.66,54.53,101.67,8.74,10.98,0.02
969882,1,24.73,54.47,101.68,8.41,11.24,0.02
1034955,1,24.86,54.19,101.68,9.96,12.93,0.02
1098370,1,24.91,54.00,101.67,9.29,13.67,0.02
1161790,1,24.91,54.00,101.67,8.86,11.55,0.02
1225250,1,24.96,53.71,101.67,6.98,10.12,0.02
1288754,1,24.91,53.68,101.68,3.44,4.21,0.01
1352287,1,25.04,53.43,101.67,0.02,-1.13,-0.00
1415730,1,25.11,53.05,101.68,6.53,9.81,0.02
1479176,1,25.12,53.16,101.67,7.96,10.93,0.02
1542670,1,25.07,53.28,101.68,10.29,13.67,0.03
1606208,1,25.12,53.40,101.68,7.44,10.21,0.02
1669633,1,25.12,53.13,101.67,6.41,9.24,0.02
1733060,1,25.21,53.13,101.68,4.32,6.64,0.01
1796601,1,25.25,52.75,101.68,6.17,9.10,0.02
1860019,1,25.20,53.15,101.68,8.95,12.15,0.02
1923380,1,25.14,53.23,101.69,8.50,11.84,0.02
1986973,1,25.11,53.37,101.68,7.95,11.15,0.02
2050536,1,25.09,53.37,101.68,9.95,13.15,0.02
2113973,1,25.11,53.39,101.69,7.95,11.15,0.02
2177470,1,25.20,53.32,101.68,10.50,14.84,0.03
2240995,1,25.18,53.27,101.68,11.50,14.84,0.03
2304428,1,25.14,53.42,101.69,11.05,15.53,0.03
2367970,1,25.14,53.37,101.69,12.38,16.27,0.03
2431388,1,25.21,53.31,101.69,12.48,17.65,0.03
2494819,1,25.23,53.25,101.68,10.38,15.27,0.03
2558252,1,25.20,53.38,101.69,8.38,11.27,0.02
2621676,1,25.16,53.41,101.69,9.50,13.84,0.02
2685108,1,25.18,53.35,101.69,10.72,14.79,0.03
2748559,1,25.12,53.30,101.69,5.29,7.67,0.01
2812075,1,25.16,53.24,101.69,8.84,12.36,0.02
2875623,1,25.21,53.34,101.69,9.17,12.10,0.02
2939147,1,25.23,53.21,101.69,6.29,9.67,0.02
3002682,1,25.27,52.98,101.69,9.17,13.10,0.02
3066117,1,25.30,53.08,101.69,7.50,9.84,0.02
3129656,1,25.29,53.19,101.69,10.05,14.53,0.03
3193096,1,25.29,53.24,101.69,2.23,3.04,0.01
3256945,1,25.32,52.69,101.68,2.99,3.90,0.01
3320389,1,25.32,52.80,101.68,4.75,6.76,0.01
3384127,1,25.30,52.78,101.68,9.72,12.79,0.02
3447666,1,25.30,53.06,101.68,7.63,11.19,0.02
3511198,1,25.34,52.91,101.69,8.96,12.93,0.02
3574737,1,25.36,52.92,101.68,-0.98,-1.13,-0.00
3638597,1,25.39,52.52,101.68,6.62,9.41,0.02
3702095,1,25.45,52.89,101.68,9.62,12.41,0.02
3765673,1,25.45,52.67,101.68,8.86,11.55,0.02
3829117,1,25.50,52.56,101.69,7.19,10.29,0.02
3892659,1,25.43,52.67,101.69,7.53,9.81,0.02
3956199,1,25.45,52.75,101.69,5.98,8.12,0.01
4020049,1,25.55,52.53,101.69,7.86,10.55,0.02
4083591,1,25.59,52.35,101.69,5.65,8.38,0.01
4147133,1,25.62,52.35,101.69,8.74,11.98,0.02
4210679,1,25.59,52.45,101.69,5.20,6.07,0.01
4274214,1,25.61,52.32,101.69,3.77,4.95,0.01
4337653,1,25.62,52.15,101.69,3.44,4.21,0.01
4401200,1,25.68,52.12,101.69,11.59,16.44,0.03
4464755,1,25.68,52.65,101.69,2.44,4.21,0.01
4528184,1,25.71,51.97,101.69,7.83,11.58,0.02
4591644,1,25.70,52.39,101.69,2.99,3.90,0.01
4655068,1,25.68,51.95,101.69,10.93,14.96,0.03
4718514,1,25.70,52.46,101.70,11.26,15.70,0.03
4781961,1,25.73,52.42,101.70,12.48,17.65,0.03
4845514,1,25.70,52.38,101.69,1.45,1.99,0.00
4909062,1,25.70,51.94,101.69,9.72,13.79,0.02
4972503,1,25.68,52.42,101.69,9.50,12.84,0.02
5035953,1,25.70,52.27,101.69,3.23,4.04,0.01
5099400,1,25.71,51.95,101.70,6.53,8.81,0.02
5162848,1,25.73,52.04,101.70,0.02,-0.13,-0.00
5226299,1,25.73,51.80,101.70,9.50,13.84,0.02
5289769,1,25.75,52.24,101.69,10.17,14.10,0.03
5353307,1,25.73,52.25,101.69,9.17,13.10,0.02
5416793,1,25.73,52.23,101.70,10.05,13.53,0.02
5480304,1,25.75,52.28,101.69,10.05,13.53,0.02
5543748,1,25.79,52.19,101.70,9.51,13.62,0.02
5607187,1,25.82,51.98,101.70,10.05,14.53,0.03
5670635,1,25.79,52.01,101.70,9.60,13.22,0.02
5734079,1,25.82,52.04,101.70,12.05,16.53,0.03
5797479,1,25.82,52.01,101.70,10.50,14.84,0.03
5860861,1,25.75,52.11,101.70,11.17,16.10,0.03
5924304,1,25.73,52.09,101.70,10.62,14.41,0.03
5987747,1,25.73,52.18,101.71,10.62,14.41,0.03
6051199,1,25.71,52.27,101.71,10.28,13.89,0.03
6114580,1,25.77,52.35,101.71,11.50,15.84,0.03
6178093,1,25.84,52.20,101.71,9.83,14.58,0.03
6241537,1,25.82,52.19,101.71,12.38,17.27,0.03
6304882,1,25.79,52.28,101.70,10.38,15.27,0.03
6368330,1,25.77,52.40,101.71,8.71,13.01,0.02
6431906,1,25.77,52.38,101.70,11.71,16.01,0.03
6495319,1,25.86,52.29,101.71,11.71,17.01,0.03
6558870,1,25.87,52.22,101.71,11.71,17.01,0.03
6622322,1,25.91,52.21,101.71,11.71,16.01,0.03
6685753,1,25.87,52.22,101.71,10.71,15.01,0.03
6749199,1,25.86,52.34,101.71,13.81,19.39,0.04
6812642,1,25.89,52.24,101.71,12.59,17.44,0.03
6876100,1,25.82,52.47,101.71,13.14,19.13,0.03
6939546,1,25.82,52.34,101.71,12.14,18.13,0.03
7002986,1,25.84,52.38,101.71,13.14,18.13,0.03
7066427,1,25.84,52.40,101.71,11.14,16.13,0.03
7129870,1,25.87,52.32,101.72,11.14,16.13,0.03
7193308,1,25.87,52.42,101.72,13.36,20.08,0.04
7256855,1,25.86,52.30,101.72,10.14,15.13,0.03
7320198,1,25.84,52.38,101.72,11.81,17.39,0.03
7383544,1,25.86,52.41,101.73,11.48,16.65,0.03
7449145,1,25.84,52.17,101.73,11.26,15.70,0.03
7512487,1,25.91,52.17,101.72,12.48,17.65,0.03
7576035,1,25.87,52.03,101.73,10.38,15.27,0.03
millis,arduinoId,temp,humidity,pressure,uva,uvb,uvIndex
15686,1,25.89,52.02,101.73,10.60,15.22,0.03
79037,1,26.00,52.29,101.73,11.93,16.96,0.03
142458,1,25.96,51.92,101.72,9.38,13.27,0.02
205967,1,25.96,51.86,101.72,9.38,13.27,0.02
269481,1,25.91,51.89,101.72,13.26,18.70,0.03
333302,1,25.93,51.92,101.72,11.71,17.01,0.03
396813,1,25.84,52.23,101.72,13.93,18.96,0.03
460324,1,25.87,52.26,101.72,10.71,15.01,0.03
523737,1,25.79,52.28,101.73,12.93,17.96,0.03
587258,1,25.80,52.28,101.73,11.71,16.01,0.03
650774,1,25.82,52.15,101.73,10.38,15.27,0.03
714187,1,25.84,52.33,101.74,10.83,14.58,0.03
779652,1,25.77,52.23,101.74,9.50,12.84,0.02
843065,1,25.82,52.36,101.73,9.50,13.84,0.02
906479,1,25.82,52.28,101.74,10.83,15.58,0.03
969890,1,25.80,52.26,101.74,10.83,15.58,0.03
1033300,1,25.79,52.29,101.73,12.05,16.53,0.03
1096785,1,25.84,52.26,101.73,11.17,16.10,0.03
1160232,1,25.82,52.05,101.73,8.95,13.15,0.02
1223640,1,25.82,52.12,101.74,10.17,14.10,0.03
1287054,1,25.82,52.17,101.74,10.62,14.41,0.03
1350463,1,25.86,52.14,101.73,10.84,15.36,0.03
1413986,1,25.82,52.23,101.73,7.41,9.24,0.02
1477396,1,25.86,52.07,101.74,6.20,8.07,0.01
1540809,1,25.87,51.93,101.74,11.05,15.53,0.03
1604323,1,25.86,52.24,101.74,10.83,15.58,0.03
1667733,1,25.84,52.31,101.73,12.93,17.96,0.03
1731249,1,25.86,52.39,101.73,13.81,19.39,0.04
1794563,1,25.86,52.47,101.73,13.81,19.39,0.04
1857981,1,25.86,52.58,101.73,10.26,14.70,0.03
1921407,1,25.98,52.34,101.74,13.26,17.70,0.03
1984805,1,25.93,52.31,101.73,10.71,16.01,0.03
2048227,1,25.91,52.23,101.74,14.26,19.70,0.04
2111634,1,25.95,52.24,101.74,12.26,16.70,0.03
2175048,1,25.95,52.35,101.74,12.26,17.70,0.03
2238466,1,25.91,52.27,101.74,12.59,18.44,0.03
2301875,1,25.89,52.33,101.73,11.26,17.44,0.03
2365190,1,25.87,52.38,101.73,12.59,17.44,0.03
2428610,1,25.91,52.37,101.74,11.59,16.44,0.03
2492023,1,25.93,52.40,101.74,11.81,17.39,0.03
2555441,1,25.91,52.41,101.74,10.81,15.39,0.03
2618863,1,25.91,52.40,101.74,11.81,16.39,0.03
2682178,1,25.86,52.42,101.74,9.48,14.65,0.03
2745579,1,25.91,52.28,101.74,9.05,13.53,0.02
2808990,1,25.93,52.27,101.73,7.84,11.36,0.02
2872423,1,25.87,52.19,101.73,11.93,16.96,0.03
2935757,1,25.91,52.34,101.74,12.48,17.65,0.03
2999231,1,25.86,52.24,101.74,11.38,16.27,0.03
3062649,1,25.87,52.37,101.74,10.93,15.96,0.03
3126065,1,25.87,52.40,101.74,5.50,8.84,0.02
3189481,1,25.84,52.37,101.74,6.84,10.36,0.02
3252892,1,25.87,52.43,101.74,10.81,15.39,0.03
3316208,1,25.91,52.42,101.74,6.84,9.36,0.02
3379726,1,25.93,52.14,101.74,11.36,17.08,0.03
3443242,1,25.87,52.33,101.73,8.14,12.13,0.02
3506857,1,25.93,52.55,101.73,9.01,13.78,0.02
3570272,1,25.86,52.60,101.73,11.01,15.78,0.03
3633693,1,25.82,52.68,101.73,11.68,17.04,0.03
3697314,1,25.84,52.64,101.74,8.05,12.53,0.02
3760734,1,25.87,52.48,101.74,10.02,15.56,0.03
3824153,1,25.91,52.54,101.73,10.02,14.56,0.03
3887694,1,25.89,52.54,101.73,6.39,9.05,0.02
3951199,1,25.89,52.17,101.74,7.94,11.74,0.02
4014722,1,25.86,52.12,101.73,7.27,11.48,0.02
4078258,1,25.96,52.15,101.73,7.60,12.22,0.02
4141802,1,25.93,52.12,101.73,10.82,15.17,0.03
4205317,1,26.00,52.16,101.73,9.35,14.30,0.03
4268838,1,26.02,52.54,101.73,5.00,9.00,0.02
4332463,1,25.96,52.69,101.73,8.00,13.00,0.02
4395900,1,25.98,52.60,101.73,6.94,9.74,0.02
4459452,1,26.02,52.10,101.73,4.39,7.05,0.01
4522957,1,26.00,52.15,101.73,6.39,10.05,0.02
4586400,1,26.04,52.05,101.73,7.06,9.31,0.02
4649889,1,26.05,51.97,101.73,8.06,11.31,0.02
4713430,1,26.05,51.98,101.73,9.60,13.22,0.02
4776972,1,26.07,52.03,101.73,10.69,15.82,0.03
4840461,1,26.09,52.20,101.74,6.51,8.62,0.02
4903884,1,26.09,51.79,101.73,9.35,14.30,0.03
4967315,1,26.11,52.17,101.73,8.39,12.05,0.02
5030876,1,26.16,51.78,101.74,4.96,6.93,0.01
5094455,1,26.18,51.69,101.74,6.84,10.36,0.02
5158010,1,26.14,51.78,101.74,11.02,16.56,0.03
5221523,1,26.12,52.10,101.74,7.39,11.05,0.02
5285044,1,26.21,51.86,101.74,6.51,9.62,0.02
5348578,1,26.14,51.79,101.75,6.84,9.36,0.02
5412113,1,26.20,51.77,101.74,6.84,9.36,0.02
5475490,1,26.23,51.62,101.74,7.51,10.62,0.02
5538986,1,26.29,51.53,101.75,10.69,15.82,0.03
5602601,1,26.23,51.91,101.74,6.39,9.05,0.02
5666127,1,26.25,51.51,101.74,8.94,13.74,0.02
5729557,1,26.25,51.56,101.74,9.48,14.65,0.03
5792936,1,26.25,51.70,101.74,6.39,10.05,0.02
5856321,1,26.25,51.55,101.74,7.34,12.52,0.02
5919751,1,26.27,52.02,101.75,7.67,12.26,0.02
5983181,1,26.27,52.12,101.74,8.67,12.26,0.02
6046612,1,26.29,52.00,101.75,7.34,10.52,0.02
6110044,1,26.23,52.14,101.74,7.67,11.26,0.02
6173376,1,26.23,52.11,101.74,7.34,11.52,0.02
6236799,1,26.20,52.12,101.74,8.01,12.78,0.02
6300225,1,26.20,52.00,101.74,8.68,13.04,0.02
6363753,1,26.20,52.04,101.74,8.68,13.04,0.02
6427180,1,26.20,52.04,101.74,9.02,12.56,0.02
6490626,1,26.21,51.98,101.74,10.69,15.82,0.03
6554133,1,26.14,51.92,101.74,10.36,15.08,0.03
6617556,1,26.16,51.91,101.74,7.06,11.31,0.02
6680985,1,26.20,51.64,101.74,7.39,10.05,0.02
6744408,1,26.16,51.72,101.74,7.39,10.05,0.02
6807790,1,26.16,51.80,101.74,6.72,9.79,0.02
6871268,1,26.21,51.83,101.74,6.94,9.74,0.02
6934719,1,26.18,51.85,101.74,8.27,11.48,0.02
6998242,1,26.18,51.84,101.74,9.48,14.65,0.03
7061663,1,26.18,51.94,101.74,2.00,4.00,0.01
7125092,1,26.14,52.44,101.73,2.00,5.00,0.01
7188626,1,26.16,52.49,101.74,2.00,4.00,0.01
7252053,1,26.09,52.50,101.73,2.00,4.00,0.01
7315482,1,26.09,52.53,101.73,2.00,5.00,0.01
7378910,1,26.09,52.56,101.73,2.00,5.00,0.01
7442432,1,26.09,52.53,101.74,6.27,10.48,0.02
7505969,1,26.12,51.99,101.74,8.94,12.74,0.02
7569487,1,26.14,51.94,101.74,9.94,13.74,0.02
7633018,1,26.12,52.02,101.74,6.39,9.05,0.02
7696549,1,26.14,51.99,101.74,11.69,16.82,0.03
7759886,1,26.14,52.13,101.74,5.00,9.00,0.02
7823391,1,26.09,52.58,101.74,5.00,9.00,0.02
7886815,1,26.11,52.55,101.74,6.00,10.00,0.02
7950238,1,26.11,52.55,101.74,10.00,14.00,0.03
8013770,1,26.09,52.63,101.74,8.51,11.62,0.02
8077197,1,26.07,52.10,101.74,7.51,10.62,0.02
8140623,1,26.07,52.13,101.73,6.51,9.62,0.02
8204153,1,26.07,52.16,101.73,7.84,10.36,0.02
8267579,1,26.09,52.21,101.73,7.84,10.36,0.02
8331008,1,26.09,52.17,101.73,7.84,10.36,0.02
8394531,1,26.11,52.23,101.73,6.84,9.36,0.02
8458080,1,26.12,52.09,101.73,6.84,10.36,0.02
8521486,1,26.09,52.02,101.73,7.84,10.36,0.02
8584912,1,26.05,52.13,101.73,6.51,8.62,0.02
8648335,1,26.12,52.12,101.73,5.29,6.67,0.01
8712211,1,26.12,52.07,101.73,7.84,10.36,0.02
8775696,1,26.11,52.06,101.73,7.84,10.36,0.02
8839135,1,26.11,52.02,101.73,6.51,9.62,0.02
8902653,1,26.14,51.99,101.73,9.06,13.31,0.02
8966176,1,26.16,51.94,101.73,7.84,10.36,0.02
9029705,1,26.12,51.95,101.73,7.51,9.62,0.02
9093135,1,26.11,51.90,101.74,6.51,9.62,0.02
9156672,1,26.09,51.96,101.73,6.84,10.36,0.02
9220182,1,26.07,51.93,101.73,6.51,8.62,0.02
9283705,1,26.11,51.98,101.73,6.84,9.36,0.02
9347131,1,26.12,51.86,101.73,6.84,10.36,0.02
9410556,1,26.11,51.96,101.73,6.51,9.62,0.02
9474084,1,26.05,51.90,101.73,10.06,14.31,0.03
9537616,1,26.11,51.87,101.73,6.00,9.00,0.02
9601150,1,26.04,52.41,101.73,9.94,12.74,0.02
9664682,1,26.04,52.01,101.73,6.51,9.62,0.02
9728101,1,26.09,51.95,101.73,4.63,7.19,0.01
9791533,1,26.11,51.87,101.74,3.63,6.19,0.01
9858019,1,26.07,51.87,101.73,4.63,7.19,0.01
9921443,1,26.07,51.91,101.74,4.63,6.19,0.01
9984871,1,26.07,51.93,101.74,5.30,7.45,0.01
10048298,1,26.05,51.88,101.74,8.67,13.26,0.02
10111710,1,26.05,52.45,101.74,9.00,14.00,0.02
10175136,1,26.04,52.42,101.74,11.35,16.30,0.03
10238556,1,25.98,52.39,101.74,12.02,16.56,0.03
10301979,1,25.98,52.42,101.74,6.63,9.19,0.02
10365506,1,25.98,52.11,101.74,7.63,10.19,0.02
10431340,1,26.00,52.01,101.74,6.30,8.45,0.02
10494910,1,26.04,52.00,101.74,6.63,10.19,0.02
10558329,1,25.98,51.88,101.74,11.01,15.78,0.03
10621852,1,26.04,52.38,101.74,12.35,17.30,0.03
10686603,1,26.04,52.26,101.74,9.34,13.52,0.02
10750133,1,26.02,52.42,101.75,9.67,14.26,0.03
10813651,1,25.98,52.48,101.75,9.67,14.26,0.03
10877070,1,25.96,52.49,101.75,10.67,15.26,0.03
10940600,1,26.00,52.55,101.75,9.67,14.26,0.03
11004125,1,25.98,52.58,101.75,10.00,14.00,0.03
11067539,1,25.96,52.59,101.75,10.00,14.00,0.03
11131066,1,25.96,52.59,101.75,10.00,15.00,0.03
11194431,1,26.00,52.70,101.75,10.00,15.00,0.03
11257925,1,25.98,52.62,101.75,9.00,14.00,0.02
11321540,1,25.91,52.68,101.75,9.00,14.00,0.02
11384958,1,25.91,52.69,101.75,10.00,15.00,0.03
11448380,1,25.89,52.64,101.75,12.00,19.00,0.03
11511795,1,25.89,52.67,101.75,11.67,17.26,0.03
11575217,1,25.86,52.70,101.75,11.67,16.26,0.03
11638638,1,25.91,52.74,101.75,10.67,16.26,0.03
11702160,1,25.84,52.72,101.75,11.00,16.00,0.03
11765581,1,25.84,52.66,101.75,9.00,13.00,0.02
11829002,1,25.84,52.70,101.75,8.00,12.00,0.02
11892425,1,25.86,52.73,101.75,7.00,12.00,0.02
11955941,1,25.87,52.79,101.75,7.00,11.00,0.02
12019462,1,25.82,52.77,101.75,8.00,12.00,0.02
12082982,1,25.82,52.71,101.75,7.00,12.00,0.02
12146508,1,25.82,52.72,101.76,8.00,12.00,0.02
12209930,1,25.84,52.69,101.76,8.00,13.00,0.02
12275912,1,25.82,52.73,101.76,8.00,12.00,0.02
12339435,1,25.82,52.69,101.76,8.00,13.00,0.02
12402950,1,25.82,52.69,101.76,8.00,12.00,0.02
12466476,1,25.84,52.70,101.75,0.00,0.00,0.00
12530002,1,25.77,53.14,101.75,5.00,8.00,0.01
12593525,1,25.09,51.86,101.76,4.00,8.00,0.01
12656936,1,24.64,51.40,101.76,4.00,7.00,0.01
12720445,1,24.21,50.90,101.75,4.00,7.00,0.01
12783955,1,23.95,50.70,101.76,6.34,10.52,0.02
12847304,1,23.89,50.51,101.76,3.00,6.00,0.01
12910677,1,23.77,50.48,101.76,3.00,6.00,0.01
12974192,1,23.75,50.33,101.76,3.00,6.00,0.01
13037714,1,23.68,50.22,101.76,4.00,8.00,0.01
13101274,1,23.70,50.28,101.76,6.00,10.00,0.02
13164864,1,23.66,50.10,101.76,7.68,12.04,0.02
13228367,1,23.77,49.95,101.76,8.02,12.56,0.02
13291778,1,23.79,49.65,101.76,8.48,13.65,0.02
13355191,1,23.75,49.43,101.76,9.02,12.56,0.02
13418914,1,23.82,49.62,101.76,6.67,11.26,0.02
13482428,1,23.79,49.65,101.76,6.67,11.26,0.02
13545932,1,23.79,49.58,101.76,7.00,11.00,0.02
13609450,1,23.87,49.75,101.76,7.00,11.00,0.02
13672849,1,23.84,49.45,101.76,7.00,11.00,0.02
13736362,1,23.82,49.46,101.76,6.00,10.00,0.02
13799867,1,23.82,49.51,101.76,6.00,10.00,0.02
13863373,1,23.80,49.52,101.76,4.00,7.00,0.01
13926717,1,23.86,49.47,101.76,6.00,9.00,0.02
13990183,1,23.80,49.31,101.76,5.00,9.00,0.02
14053691,1,23.71,49.02,101.76,4.00,7.00,0.01
14117200,1,23.64,49.02,101.75,5.00,8.00,0.01
14180708,1,23.61,49.16,101.75,5.00,8.00,0.01
14244212,1,23.61,49.03,101.75,2.00,5.00,0.01
millis,arduinoId,temp,humidity,pressure,uva,uvb,uvIndex
millis,arduinoId,temp,humidity,pressure,uva,uvb,uvIndex
15726,1,21.02,60.01,76.15,-22.69,-38.69,-0.07
79261,1,21.02,60.10,101.68,-22.12,-36.81,-0.06
142700,1,21.18,59.89,101.68,-21.46,-36.33,-0.06
206148,1,21.43,59.51,101.68,-23.34,-39.76,-0.07
269530,1,21.57,59.26,101.68,-22.34,-36.76,-0.06
332970,1,21.68,58.48,101.68,-24.79,-40.07,-0.07
396422,1,21.87,58.20,101.68,-19.34,-33.76,-0.06
459893,1,22.05,57.79,101.69,-22.44,-38.14,-0.07
523353,1,22.07,57.55,101.68,-20.22,-35.19,-0.06
586820,1,22.12,57.42,101.68,-23.20,-40.00,-0.07
650389,1,22.21,57.04,101.68,-22.65,-39.31,-0.07
713856,1,22.23,57.39,101.69,-27.41,-45.17,-0.08
777433,1,22.32,57.12,101.69,-15.88,-26.61,-0.05
841005,1,22.36,57.98,101.69,-9.77,-19.82,-0.03
904479,1,22.46,57.79,101.69,-12.80,-24.85,-0.04
967951,1,22.46,57.21,101.69,-11.57,-23.49,-0.04
1031429,1,22.50,56.98,101.69,-10.04,-21.99,-0.04
1094901,1,22.57,56.79,101.69,-15.22,-28.56,-0.05
1158380,1,22.54,56.51,101.69,-21.56,-37.71,-0.06
1221806,1,22.62,56.25,101.69,-19.83,-35.88,-0.06
1285335,1,22.61,55.95,101.69,-19.83,-35.88,-0.06
1348943,1,22.79,56.00,101.69,-18.99,-34.83,-0.06
1412507,1,22.93,56.01,101.69,-2.03,-9.15,-0.01
1476002,1,23.02,56.59,101.69,-8.82,-21.04,-0.03
1539377,1,23.16,56.07,101.69,-20.71,-37.31,-0.06
1603195,1,23.21,55.25,101.69,-24.04,-43.05,-0.07
1666757,1,23.32,54.94,101.69,-20.26,-39.00,-0.07
1730240,1,23.41,54.70,101.69,-15.83,-32.88,-0.05
1793725,1,23.39,54.62,101.69,-21.16,-38.62,-0.07
1857213,1,23.50,54.55,101.69,-22.61,-40.93,-0.07
1920700,1,23.21,54.59,101.69,-6.77,-16.82,-0.03
1984184,1,23.18,55.87,101.68,-18.77,-34.88,-0.06
2047569,1,23.16,55.21,101.69,-23.94,-42.67,-0.07
2110953,1,23.23,54.64,101.69,-14.27,-27.35,-0.05
2174438,1,23.21,55.49,101.69,-6.55,-15.87,-0.03
2237923,1,23.30,55.72,101.69,-2.72,-8.60,-0.01
2301407,1,23.27,56.02,101.69,-5.44,-14.08,-0.02
2364890,1,23.21,55.45,101.69,-8.63,-18.06,-0.03
2428376,1,23.02,54.97,101.69,-10.80,-22.85,-0.04
2491862,1,23.21,54.62,101.69,6.49,2.57,0.01
2555358,1,23.27,55.36,101.69,6.85,6.34,0.01
2618833,1,23.12,55.94,101.68,-0.84,-6.17,-0.01
2682320,1,22.98,55.75,101.67,6.44,5.41,0.01
2745802,1,22.93,56.13,101.68,-0.66,-7.03,-0.01
2809288,1,23.09,55.41,101.68,8.27,5.62,0.01
2872975,1,23.09,55.85,101.67,6.90,2.07,0.01
2936466,1,23.21,55.37,101.67,16.24,16.65,0.03
3000049,1,23.27,55.84,101.67,18.06,21.51,0.04
3063537,1,23.25,55.91,101.67,2.26,-5.22,-0.01
3127031,1,23.16,54.51,101.67,14.34,13.03,0.03
3190519,1,23.21,55.62,101.67,13.96,15.13,0.03
3254010,1,23.21,55.91,101.67,18.84,22.56,0.04
3317499,1,23.21,55.94,101.67,14.69,14.96,0.03
3380988,1,23.20,55.55,101.67,-7.41,-19.54,-0.03
3444577,1,23.29,53.76,101.67,2.73,-4.72,-0.00
3508072,1,23.37,54.15,101.67,12.99,12.10,0.03
3571553,1,23.43,55.27,101.67,1.00,-5.55,-0.01
3635045,1,23.48,54.22,101.67,5.57,0.33,0.00
3699455,1,23.34,53.86,101.67,7.57,2.33,0.01
3762894,1,23.39,53.92,101.67,9.86,5.69,0.01
3826446,1,23.37,54.03,101.67,5.24,-1.41,0.00
3889938,1,23.39,53.46,101.67,11.17,8.24,0.02
3953421,1,23.45,53.83,101.67,14.60,14.36,0.03
4016961,1,23.59,53.81,101.67,6.26,-0.22,0.00
4080422,1,23.45,53.04,101.66,10.33,6.19,0.02
4143902,1,23.46,53.09,101.66,8.02,3.64,0.01
4207295,1,23.57,52.83,101.66,0.11,-9.82,-0.01
4270778,1,23.52,52.25,101.66,-9.49,-23.73,-0.04
4334315,1,23.61,51.92,101.66,-11.56,-27.14,-0.04
4397867,1,23.70,51.28,101.66,-8.29,-21.97,-0.03
4461358,1,23.86,51.53,101.66,-2.34,-12.13,-0.02
4524852,1,23.96,51.73,101.66,-20.83,-41.31,-0.07
4588443,1,23.98,50.56,101.66,-18.04,-38.48,-0.06
4651949,1,24.04,50.41,101.65,-10.82,-26.47,-0.04
4715550,1,24.16,50.89,101.65,-2.48,-12.89,-0.02
4779138,1,24.34,51.43,101.65,-0.62,-9.65,-0.01
4842849,1,24.55,51.48,101.66,-18.18,-38.24,-0.06
4906351,1,24.41,50.00,101.65,-2.30,-13.75,-0.02
4970050,1,24.43,50.68,101.65,15.98,19.27,0.04
5033557,1,24.29,52.48,101.65,2.38,-5.65,-0.01
5097058,1,24.30,51.25,101.65,14.65,15.58,0.03
5160560,1,24.20,52.08,101.65,0.91,-8.58,-0.01
5224022,1,23.98,50.49,101.65,-5.61,-18.30,-0.03
5287577,1,24.14,50.39,101.64,3.08,-4.79,-0.00
5351075,1,24.30,50.76,101.64,7.37,2.57,0.01
5414571,1,24.37,50.92,101.64,-10.31,-25.16,-0.04
5478384,1,24.43,50.01,101.64,-8.00,-21.61,-0.03
5541884,1,24.55,49.96,101.64,-20.00,-38.67,-0.06
5605418,1,24.77,49.08,101.63,3.55,-2.86,-0.00
5668841,1,24.71,50.38,101.63,11.27,9.62,0.02
5732287,1,24.50,50.64,101.63,13.25,11.43,0.02
5795785,1,24.50,50.58,101.63,9.99,9.10,0.02
5859289,1,24.34,50.69,101.63,16.73,18.77,0.04
5922790,1,24.07,51.02,101.63,14.71,17.58,0.03
5986188,1,24.16,51.28,101.63,4.40,6.46,0.01
6049690,1,24.00,51.52,101.64,7.50,9.84,0.02
6113198,1,24.04,51.72,101.63,5.95,8.15,0.01
6176717,1,23.95,51.63,101.63,4.85,6.77,0.01
6240199,1,23.86,51.41,101.63,3.09,4.91,0.01
6303700,1,23.87,51.42,101.62,1.56,1.41,0.00
6367202,1,23.80,50.94,101.62,-0.96,-2.31,-0.00
6430707,1,23.82,50.54,101.63,-0.75,-1.14,-0.00
6494106,1,23.82,50.45,101.63,-0.20,-0.45,-0.00
6557507,1,23.84,50.62,101.63,2.56,3.41,0.01
6620904,1,23.82,50.66,101.63,2.58,1.60,0.00
6684230,1,23.91,50.56,101.63,0.84,-0.07,0.00
6747816,1,23.91,50.41,101.63,-10.93,-18.77,-0.03
6811309,1,23.91,49.53,101.63,-10.39,-17.86,-0.03
6874818,1,24.02,49.66,101.63,-4.14,-6.88,-0.01
6938321,1,24.09,50.12,101.63,-4.14,-7.88,-0.01
7001820,1,23.95,50.02,101.63,-4.59,-8.19,-0.01
7065320,1,23.87,49.84,101.63,3.13,3.29,0.01
7128819,1,23.91,49.99,101.63,4.42,5.65,0.01
7192321,1,23.84,50.10,101.62,2.99,3.53,0.01
7255817,1,23.82,49.89,101.62,2.80,2.55,0.01
7319621,1,23.79,49.38,101.62,3.54,4.22,0.01
7383123,1,23.79,49.57,101.63,0.90,0.93,0.00
7446630,1,23.71,49.30,101.63,-3.49,-6.81,-0.01
7510121,1,23.66,48.94,101.62,-2.18,-3.26,-0.01
7573513,1,23.70,49.20,101.63,-5.59,-9.19,-0.02
7637021,1,23.64,49.04,101.62,-0.08,-0.88,-0.00
7700513,1,23.68,49.45,101.62,0.68,-0.02,0.00
7764006,1,23.64,49.88,101.62,1.66,2.79,0.00
7827510,1,23.64,50.15,101.62,3.21,4.48,0.01
7891003,1,23.64,49.84,101.62,3.09,3.91,0.01
7954506,1,23.61,49.83,101.62,4.09,4.91,0.01
8017885,1,23.59,49.88,101.61,-27.11,-43.40,-0.08
8081378,1,23.71,46.93,101.61,4.64,6.60,0.01
8144766,1,23.71,50.05,101.61,3.42,4.65,0.01
8208262,1,23.77,50.01,101.61,3.85,5.77,0.01
8271764,1,23.71,50.25,101.61,1.54,2.22,0.00
8335291,1,23.62,50.32,101.60,4.97,7.34,0.01
8398852,1,23.71,50.55,101.61,4.95,7.15,0.01
8462456,1,23.68,51.12,101.61,6.83,10.58,0.02
8526048,1,23.70,51.15,101.61,7.50,10.84,0.02
8589538,1,23.68,51.24,101.61,6.07,7.72,0.01
8653044,1,23.66,51.10,101.62,4.97,6.34,0.01
8716420,1,23.59,50.90,101.61,3.85,5.77,0.01
8779913,1,23.61,50.98,101.61,3.85,5.77,0.01
8843407,1,23.64,50.88,101.61,6.40,8.46,0.02
8907007,1,23.66,51.03,101.61,5.40,7.46,0.01
8970602,1,23.64,51.04,101.61,3.85,5.77,0.01
9034204,1,23.70,51.19,101.61,5.52,8.03,0.01
9097810,1,23.68,51.21,101.62,2.97,4.34,0.01
9161402,1,23.59,51.37,101.61,4.64,6.60,0.01
9224897,1,23.61,51.24,101.61,0.66,0.79,0.00
9288397,1,23.50,51.09,101.61,3.54,5.22,0.01
9351987,1,23.55,51.12,101.61,2.09,3.91,0.01
9415585,1,23.54,51.12,101.61,4.85,7.77,0.01
9479183,1,23.52,51.34,101.61,5.95,8.15,0.01
9542675,1,23.50,51.51,101.61,5.83,9.58,0.02
9606275,1,23.48,51.37,101.61,5.16,8.32,0.01
9669870,1,23.48,51.40,101.61,6.71,10.01,0.02
9733466,1,23.46,51.49,101.61,8.26,12.70,0.02
9796909,1,23.50,51.29,101.62,4.71,11.96,0.02
9860352,1,23.43,51.35,101.62,6.93,10.96,0.02
9923851,1,23.45,51.35,101.62,6.26,10.70,0.02
9987452,1,23.32,51.55,101.62,5.26,8.70,0.02
10051048,1,23.29,51.58,101.62,8.14,12.13,0.02
10114662,1,23.21,51.65,101.62,6.14,10.13,0.02
10178243,1,23.23,51.82,101.61,8.69,13.82,0.02
10241785,1,23.20,51.90,101.61,7.14,11.13,0.02
10305326,1,23.25,51.92,101.61,7.83,10.58,0.02
10368916,1,23.23,52.08,101.61,7.50,10.84,0.02
10432609,1,23.12,52.16,101.60,6.95,9.15,0.02
10496200,1,23.04,52.22,101.60,7.07,9.72,0.02
10559784,1,23.20,52.12,101.60,5.09,5.91,0.01
10623381,1,23.25,51.97,101.59,4.09,5.91,0.01
10686959,1,23.25,51.84,101.60,9.09,11.91,0.02
10750453,1,23.12,52.03,101.59,7.99,9.53,0.02
10813945,1,23.18,52.20,101.59,10.99,14.53,0.03
10877413,1,23.07,52.15,101.59,10.32,13.27,0.02
10941311,1,23.11,52.52,101.59,13.09,16.91,0.03
11004895,1,23.12,52.44,101.59,8.87,10.96,0.02
11068686,1,23.20,52.35,101.58,7.64,9.60,0.02
11132383,1,23.09,52.29,101.58,8.74,10.98,0.02
11195959,1,23.09,52.21,101.58,5.53,7.81,0.01
11259549,1,23.12,52.09,101.58,5.10,6.69,0.01
11323146,1,23.16,52.00,101.58,5.10,3.74,0.01
11386731,1,23.32,52.13,101.57,4.43,5.43,0.01
11450322,1,23.27,52.15,101.57,3.33,4.05,0.01
11513819,1,23.29,52.17,101.57,6.82,7.74,0.02
11577306,1,23.29,52.06,101.57,9.33,11.05,0.02
11640889,1,23.20,52.09,101.57,6.56,7.41,0.01
11704577,1,23.18,51.91,101.57,10.11,12.10,0.02
11768160,1,23.12,52.05,101.58,10.77,13.58,0.03
11831842,1,23.27,52.07,101.58,14.75,19.39,0.04
11895429,1,23.20,52.05,101.58,13.18,16.51,0.03
11959016,1,23.25,51.83,101.58,9.73,13.20,0.02
12022511,1,23.29,51.79,101.58,8.95,12.15,0.02
12086093,1,23.23,51.91,101.58,5.74,7.98,0.01
12149639,1,23.21,51.81,101.58,5.53,7.81,0.01
12213288,1,23.25,51.43,101.59,5.98,8.12,0.01
12276725,1,23.27,51.36,101.58,3.67,3.57,0.01
12340259,1,23.27,51.09,101.58,3.00,3.31,0.01
12403952,1,23.20,51.13,101.58,4.00,4.31,0.01
12467543,1,23.21,51.19,101.58,3.33,4.05,0.01
12531028,1,23.20,51.12,101.58,7.43,8.43,0.02
12594618,1,23.30,50.97,101.58,4.76,6.17,0.01
12658209,1,23.21,50.86,101.57,5.64,6.60,0.01
12721803,1,23.27,50.96,101.57,5.86,7.55,0.01
12785292,1,23.21,51.07,101.58,6.31,8.86,0.02
12848883,1,23.23,51.16,101.57,6.09,7.91,0.01
12912375,1,23.20,51.21,101.57,5.10,6.69,0.01
12976068,1,23.20,51.24,101.57,6.43,8.43,0.02
13039660,1,23.25,51.18,101.58,2.67,3.57,0.01
13103251,1,23.23,51.21,101.57,-0.21,-0.86,-0.00
13166848,1,23.25,51.21,101.57,1.24,1.45,0.00
13230373,1,23.27,51.01,101.58,4.24,4.45,0.01
13293910,1,23.29,50.75,101.57,2.59,0.38,0.00
13357410,1,23.27,50.94,101.57,0.61,-0.43,-0.00
13421008,1,23.37,51.09,101.57,1.73,-0.86,0.00
13484501,1,23.41,50.85,101.58,3.39,2.62,0.01
13548096,1,23.46,50.82,101.57,4.51,3.19,0.01
13611532,1,23.48,50.65,101.57,5.72,5.36,0.01
13675087,1,23.48,50.72,101.57,7.60,7.79,0.02
13738608,1,23.41,50.91,101.57,7.48,8.22,0.02
13802177,1,23.37,50.78,101.57,7.48,7.22,0.01
13865674,1,23.36,50.85,101.57,9.81,10.96,0.02
13929280,1,23.32,50.76,101.57,9.14,10.70,0.02
13992770,1,23.36,50.91,101.57,11.24,14.08,0.03
14056270,1,23.46,50.88,101.57,13.67,16.20,0.03
14119856,1,23.41,50.95,101.56,11.00,12.94,0.02
14183380,1,23.43,50.95,101.57,11.10,14.32,0.03
14246866,1,23.34,50.97,101.57,9.10,12.32,0.02
14310546,1,23.21,51.02,101.56,10.32,13.27,0.02
14374148,1,23.25,51.29,101.56,11.54,14.22,0.03
14437630,1,23.21,51.02,101.56,8.32,10.27,0.02
14501234,1,23.21,50.82,101.57,9.54,12.22,0.02
14564823,1,23.20,50.43,101.56,9.54,12.22,0.02
14628313,1,23.20,50.15,101.56,6.99,8.53,0.02
14691925,1,23.25,49.98,101.56,7.66,9.79,0.02
14755397,1,23.21,49.91,101.56,8.11,11.10,0.02
14818989,1,23.30,49.55,101.56,8.56,10.41,0.02
14882585,1,23.27,49.43,101.56,9.56,11.41,0.02
14946177,1,23.25,49.67,101.55,8.34,9.46,0.02
15009786,1,23.30,49.70,101.56,7.34,9.46,0.02
15073469,1,23.32,49.52,101.55,10.56,12.41,0.02
15137056,1,23.34,49.46,101.56,8.34,10.46,0.02
15200642,1,23.27,49.40,101.55,8.89,11.15,0.02
15264243,1,23.20,49.28,101.55,9.89,11.15,0.02
15327830,1,23.21,49.34,101.56,10.44,11.84,0.02
15391418,1,23.12,49.14,101.56,7.44,8.84,0.02
15454956,1,23.11,49.34,101.56,9.99,12.53,0.02
15518512,1,23.20,49.28,101.56,9.99,12.53,0.02
15582086,1,23.23,49.08,101.56,7.44,8.84,0.02
15645671,1,23.25,49.26,101.55,8.11,10.10,0.02
15709262,1,23.23,49.22,101.55,9.11,11.10,0.02
15772848,1,23.18,49.20,101.56,9.11,11.10,0.02
15836440,1,23.21,49.15,101.55,5.89,7.15,0.01
15899924,1,23.11,49.15,101.55,8.77,11.58,0.02
15963411,1,23.00,49.26,101.55,10.32,13.27,0.02
16026998,1,23.07,49.54,101.55,11.87,14.96,0.03
16090492,1,23.12,49.51,101.55,10.20,13.70,0.03
16154073,1,23.11,49.52,101.55,9.20,11.70,0.02
16217662,1,23.20,49.91,101.55,8.75,12.39,0.02
16281263,1,23.09,49.92,101.54,11.30,14.08,0.03
16344941,1,23.07,49.95,101.55,7.75,9.39,0.02
16408426,1,23.02,49.90,101.55,10.30,13.08,0.02
16471937,1,22.89,49.79,101.55,8.30,12.08,0.02
16535509,1,22.87,49.88,101.55,8.63,10.82,0.02
16599104,1,22.95,49.79,101.55,10.18,14.51,0.03
16662625,1,22.89,49.87,101.55,12.73,17.20,0.03
16726208,1,22.86,50.08,101.55,10.73,14.20,0.03
16789778,1,22.86,49.62,101.55,9.73,13.20,0.02
16853268,1,22.87,49.88,101.55,12.61,17.63,0.03
16916756,1,22.80,49.88,101.54,11.61,16.63,0.03
16980242,1,22.93,49.80,101.55,11.61,15.63,0.03
17043731,1,22.95,49.73,101.55,10.28,14.89,0.03
17107212,1,22.89,49.73,101.54,11.28,14.89,0.03
17170698,1,22.89,49.86,101.55,9.73,13.20,0.02
17234181,1,22.82,50.03,101.55,9.40,10.51,0.02
17297765,1,22.87,50.06,101.55,12.40,16.46,0.03
17361352,1,22.89,50.08,101.55,8.30,10.08,0.02
17424832,1,22.84,50.17,101.55,11.85,15.77,0.03
17488311,1,22.77,50.17,101.54,11.85,15.77,0.03
17551795,1,22.82,50.24,101.55,9.63,12.82,0.02
17615282,1,22.84,50.29,101.55,11.51,13.51,0.02
17678764,1,22.86,50.37,101.55,13.06,17.94,0.03
17742247,1,22.86,50.32,101.55,12.06,15.94,0.03
17805832,1,22.77,50.42,101.55,11.73,16.20,0.03
17869520,1,22.77,50.41,101.55,10.40,14.46,0.03
17933104,1,22.73,50.30,101.55,6.30,9.08,0.02
17996692,1,22.73,50.17,101.55,8.30,10.08,0.02
18060380,1,22.71,50.09,101.54,8.97,12.34,0.02
18124071,1,22.75,50.14,101.54,12.30,15.08,0.03
18188075,1,22.62,50.28,101.54,12.30,15.08,0.03
18251670,1,22.62,50.42,101.54,10.30,14.08,0.03
18315270,1,22.68,50.40,101.54,9.63,12.82,0.02
18378856,1,22.71,50.49,101.54,12.18,15.51,0.03
18442346,1,22.66,50.69,101.54,10.18,13.51,0.02
18506040,1,22.77,50.78,101.53,13.06,16.94,0.03
18569639,1,22.61,50.94,101.53,12.06,15.94,0.03
18633329,1,22.52,51.09,101.54,10.06,13.94,0.03
18696912,1,22.55,51.19,101.54,11.61,15.63,0.03
18760620,1,22.50,51.37,101.54,10.61,14.63,0.03
18824189,1,22.43,51.42,101.54,12.16,16.32,0.03
18887721,1,22.48,51.55,101.54,12.49,16.06,0.03
18951360,1,22.39,51.54,101.54,14.04,18.75,0.03
19014876,1,22.34,51.78,101.54,13.37,18.49,0.03
19078417,1,22.25,51.84,101.54,12.37,17.49,0.03
19142000,1,22.25,51.77,101.54,11.04,15.75,0.03
19205582,1,22.30,51.85,101.54,13.59,18.44,0.03
19269168,1,22.37,51.89,101.53,11.04,14.75,0.03
19332780,1,22.30,51.75,101.53,11.04,15.75,0.03
19396440,1,22.27,51.79,101.53,11.71,16.01,0.03
19460054,1,22.27,51.63,101.53,10.49,14.06,0.03
19523629,1,22.29,51.68,101.52,7.61,11.63,0.02
19587207,1,22.34,51.51,101.52,9.28,12.89,0.02
19650792,1,22.30,51.38,101.52,8.73,11.20,0.02
19714480,1,22.41,51.35,101.52,10.73,13.20,0.02
19778170,1,22.39,51.17,101.51,7.85,9.77,0.02
19841770,1,22.43,51.22,101.52,7.85,10.77,0.02
19905251,1,22.45,51.11,101.51,9.18,12.51,0.02
19968735,1,22.37,50.83,101.51,9.18,12.51,0.02
20032309,1,22.43,50.91,101.51,10.18,12.51,0.02
20095999,1,22.45,50.81,101.51,8.52,11.03,0.02
20159689,1,22.50,50.69,101.51,10.52,13.03,0.02
20223174,1,22.52,50.63,101.51,8.97,12.34,0.02
20286778,1,22.54,50.49,101.51,9.42,11.65,0.02
20350353,1,22.48,50.48,101.51,6.87,8.96,0.02
20414039,1,22.45,50.65,101.50,10.28,14.89,0.03
20477538,1,22.50,50.73,101.50,10.28,13.89,0.03
20541221,1,22.62,50.73,101.50,9.61,13.63,0.02
20604936,1,22.68,50.74,101.51,12.71,17.01,0.03
20668509,1,22.61,50.63,101.51,11.38,15.27,0.03
20732142,1,22.55,50.63,101.51,10.16,14.32,0.03
20795775,1,22.52,50.57,101.51,11.16,15.32,0.03
20859258,1,22.55,50.63,101.51,9.83,14.58,0.03
20922846,1,22.54,50.72,101.51,11.83,16.58,0.03
20986330,1,22.57,50.65,101.50,10.83,15.58,0.03
21049809,1,22.59,50.52,101.50,11.50,15.84,0.03
21113316,1,22.59,50.69,101.50,8.95,12.15,0.02
21176977,1,22.54,50.72,101.50,9.62,13.41,0.02
21240599,1,22.50,50.73,101.49,10.07,12.72,0.02
21304250,1,22.54,50.80,101.49,7.52,10.03,0.02
21367782,1,22.52,50.87,101.49,7.64,9.60,0.02
21431427,1,22.57,50.71,101.49,7.97,10.34,0.02
21495036,1,22.55,50.83,101.49,8.64,11.60,0.02
21558655,1,22.61,50.83,101.49,6.42,8.65,0.02
21622404,1,22.64,50.91,101.50,6.97,9.34,0.02
21686104,1,22.61,50.98,101.49,7.97,10.34,0.02
21749689,1,22.70,50.90,101.50,8.52,11.03,0.02
21813484,1,22.68,51.03,101.49,8.52,12.03,0.02
21876969,1,22.59,51.19,101.50,9.52,14.03,0.03
21940554,1,22.50,51.13,101.49,9.40,12.46,0.02
22004150,1,22.55,51.38,101.49,9.95,13.15,0.02
22067738,1,22.52,51.49,101.49,9.95,14.15,0.03
22131319,1,22.55,51.52,101.49,10.28,13.89,0.03
22194911,1,22.54,51.53,101.50,9.28,12.89,0.02
22258494,1,22.48,51.67,101.50,9.95,14.15,0.03
22322085,1,22.46,51.77,101.50,8.95,13.15,0.02
22385775,1,22.43,51.80,101.50,8.95,12.15,0.02
22449355,1,22.46,51.78,101.49,6.40,9.46,0.02
22512947,1,22.50,51.65,101.50,7.07,9.72,0.02
22576430,1,22.45,51.63,101.49,6.19,9.29,0.02
22640021,1,22.45,51.67,101.49,7.31,9.86,0.02
22703567,1,22.45,51.67,101.49,4.76,6.17,0.01
22767188,1,22.45,51.83,101.49,7.76,10.17,0.02
22830768,1,22.43,51.82,101.49,5.54,7.22,0.01
22894363,1,22.43,51.73,101.48,5.64,11.29,0.02
22957942,1,22.48,51.95,101.48,6.97,9.34,0.02
23021529,1,22.54,51.97,101.48,6.52,9.03,0.02
23085051,1,22.45,52.10,101.48,6.52,9.03,0.02
23148610,1,22.52,52.14,101.47,6.52,9.03,0.02
23212285,1,22.46,52.11,101.47,9.07,12.72,0.02
23275875,1,22.54,52.24,101.47,8.95,12.15,0.02
23339617,1,22.55,52.20,101.47,10.28,13.89,0.03
23403143,1,22.59,52.17,101.47,9.83,13.58,0.02
23466673,1,22.62,52.24,101.47,9.83,14.58,0.03
23530315,1,22.70,52.31,101.46,9.83,13.58,0.02
23593901,1,22.66,52.29,101.46,8.16,12.32,0.02
23657389,1,22.59,52.29,101.46,11.71,16.01,0.03
23720985,1,22.52,52.26,101.46,10.71,15.01,0.03
23784567,1,22.46,52.28,101.46,9.71,14.01,0.03
23848152,1,22.45,52.36,101.45,9.38,12.27,0.02
23911677,1,22.46,52.37,101.46,10.71,14.01,0.03
23975230,1,22.57,52.39,101.46,11.71,16.01,0.03
24038818,1,22.57,52.43,101.45,9.71,13.01,0.02
24102405,1,22.54,52.41,101.45,7.61,10.63,0.02
24166000,1,22.64,52.32,101.45,10.16,14.32,0.03
24229524,1,22.70,52.34,101.46,9.61,13.63,0.02
24293080,1,22.68,52.30,101.46,9.28,12.89,0.02
24356667,1,22.68,52.38,101.45,11.83,16.58,0.03
24420260,1,22.64,52.31,101.45,8.28,11.89,0.02
24483851,1,22.62,52.50,101.45,8.28,10.89,0.02
24547539,1,22.66,52.72,101.45,10.83,14.58,0.03
24611025,1,22.62,52.53,101.44,7.61,10.63,0.02
24674613,1,22.68,52.66,101.44,11.16,15.32,0.03
24738206,1,22.70,52.82,101.44,12.71,17.01,0.03
24801694,1,22.66,53.13,101.44,13.59,19.44,0.04
24865190,1,22.73,53.35,101.43,12.59,17.44,0.03
24928684,1,22.68,53.76,101.43,12.59,17.44,0.03
24992278,1,22.70,53.81,101.43,10.71,15.01,0.03
25055870,1,22.71,53.50,101.43,10.16,14.32,0.03
25119574,1,22.64,53.23,101.43,8.83,12.58,0.02
25183155,1,22.66,53.23,101.43,9.83,13.58,0.02
25246747,1,22.68,53.10,101.43,10.83,15.58,0.03
25310341,1,22.73,53.09,101.43,11.83,15.58,0.03
25373931,1,22.77,53.04,101.43,10.16,14.32,0.03
25437520,1,22.71,52.98,101.43,12.16,16.32,0.03
25501036,1,22.73,53.06,101.43,11.16,15.32,0.03
25564604,1,22.73,52.99,101.43,10.16,14.32,0.03
25628197,1,22.75,52.94,101.42,10.83,15.58,0.03
25691799,1,22.79,52.97,101.42,10.50,13.84,0.03
25755385,1,22.75,53.00,101.42,10.95,14.15,0.03
25818979,1,22.75,52.95,101.42,9.73,13.20,0.02
25882671,1,22.80,52.81,101.42,9.95,13.15,0.02
25946269,1,22.73,52.72,101.41,8.07,10.72,0.02
26009864,1,22.80,52.63,101.42,6.52,10.03,0.02
26082903,1,22.73,52.93,101.41,11.07,14.72,0.03
26146389,1,22.73,53.03,101.42,7.85,10.77,0.02
26209980,1,22.79,52.89,101.42,9.73,12.20,0.02
26273484,1,22.80,52.65,101.42,10.40,14.46,0.03
26337061,1,22.82,52.71,101.42,8.73,12.20,0.02
26400656,1,22.80,52.69,101.42,11.28,15.89,0.03
26464244,1,22.82,52.82,101.41,8.73,12.20,0.02
26527836,1,22.82,52.89,101.42,7.73,11.20,0.02
26591425,1,22.89,52.77,101.41,8.40,11.46,0.02
26655020,1,22.87,52.42,101.41,9.28,12.89,0.02
26718515,1,22.91,52.23,101.41,9.28,12.89,0.02
26782104,1,22.84,52.22,101.40,9.61,13.63,0.02
26845698,1,22.95,52.28,101.40,12.49,17.06,0.03
26909280,1,22.93,52.35,101.40,10.71,14.01,0.03
26972871,1,22.96,52.55,101.41,14.04,19.75,0.04
27036467,1,22.87,52.67,101.41,11.92,16.18,0.03
27100059,1,22.91,52.80,101.40,10.59,15.44,0.03
27163659,1,22.86,52.50,101.40,11.59,16.44,0.03
27227345,1,22.87,52.49,101.40,11.26,16.70,0.03
27291042,1,22.89,52.40,101.40,8.71,13.01,0.02
27354631,1,22.87,52.52,101.40,7.04,10.75,0.02
27418239,1,22.95,52.49,101.40,11.04,15.75,0.03
27481822,1,22.91,52.20,101.39,12.59,18.44,0.03
27545416,1,22.96,52.21,101.39,10.37,15.49,0.03
27609015,1,22.84,51.96,101.39,12.47,17.87,0.03
27672633,1,22.89,51.97,101.39,14.02,20.56,0.04
27736109,1,22.93,51.98,101.39,12.02,17.56,0.03
27799596,1,22.96,51.83,101.39,12.35,18.30,0.03
27863116,1,22.96,51.68,101.38,13.35,18.30,0.03
27926689,1,22.95,51.74,101.38,11.68,17.04,0.03
27990181,1,22.96,51.51,101.38,10.68,16.04,0.03
28053774,1,22.93,51.45,101.39,10.01,14.78,0.03
28117262,1,22.93,51.44,101.38,10.01,15.78,0.03
28180752,1,22.93,51.24,101.38,10.68,15.04,0.03
28244328,1,22.93,51.39,101.38,11.01,15.78,0.03
28307866,1,22.98,51.45,101.38,9.68,15.04,0.03
28371327,1,22.89,51.48,101.38,10.68,16.04,0.03
28434771,1,22.98,51.44,101.37,12.01,16.78,0.03
28498309,1,22.96,51.63,101.37,10.01,14.78,0.03
28561800,1,22.86,51.83,101.37,9.01,13.78,0.02
28625393,1,22.89,51.84,101.37,9.01,13.78,0.02
28688979,1,22.89,51.93,101.37,9.01,13.78,0.02
28752473,1,22.86,52.03,101.37,12.02,17.56,0.03
28815962,1,22.79,51.99,101.37,11.47,16.87,0.03
28879451,1,22.79,52.13,101.37,10.92,15.18,0.03
28943046,1,22.82,52.20,101.37,12.25,19.87,0.04
29006638,1,22.71,52.13,101.37,12.25,16.92,0.03
29070546,1,22.86,52.27,101.36,12.80,18.61,0.03
29134132,1,22.95,52.23,101.36,14.35,21.30,0.04
29197736,1,22.80,52.23,101.36,15.68,22.04,0.04
29261316,1,22.86,52.33,101.36,13.68,20.04,0.04
29324879,1,22.89,52.28,101.36,14.01,19.78,0.04
29388496,1,22.82,52.33,101.36,11.01,15.78,0.03
29452082,1,22.82,52.38,101.36,10.34,15.52,0.03
29515623,1,22.87,52.29,101.35,10.67,16.26,0.03
29579158,1,22.79,52.30,101.35,10.34,14.52,0.03
29642653,1,22.80,52.38,101.34,10.34,15.52,0.03
29706338,1,22.84,52.43,101.34,9.34,14.52,0.03
29769822,1,22.86,52.59,101.35,9.34,13.52,0.02
29833321,1,22.77,52.49,101.34,8.00,12.00,0.02
29896812,1,22.79,52.52,101.34,6.00,10.00,0.02
29960399,1,22.80,52.71,101.34,6.00,10.00,0.02
30024109,1,22.75,52.80,101.35,7.00,11.00,0.02
30087686,1,22.75,52.89,101.35,7.00,12.00,0.02
30151268,1,22.75,52.94,101.35,6.00,10.00,0.02
30214779,1,22.73,53.08,101.35,6.00,10.00,0.02
30278348,1,22.71,53.13,101.35,5.00,9.00,0.02
30342054,1,22.73,53.21,101.35,5.00,9.00,0.02
30405629,1,22.77,53.29,101.35,6.00,10.00,0.02
30469235,1,22.71,53.40,101.35,6.00,10.00,0.02
30532812,1,22.75,53.29,101.35,6.00,10.00,0.02
30596392,1,22.79,53.43,101.35,6.00,10.00,0.02
30659984,1,22.71,53.41,101.35,5.00,9.00,0.02
30723576,1,22.77,53.49,101.35,6.00,10.00,0.02
30787189,1,22.68,53.53,101.34,6.00,10.00,0.02
30850761,1,22.70,53.39,101.35,6.00,10.00,0.02
30914345,1,22.71,53.50,101.34,5.67,10.26,0.02
30977967,1,22.61,53.71,101.34,7.67,11.26,0.02
31041624,1,22.64,53.62,101.34,7.67,12.26,0.02
31105212,1,22.68,53.64,101.34,7.67,12.26,0.02
31168903,1,22.64,53.60,101.34,7.00,11.00,0.02
31232488,1,22.70,53.63,101.34,5.00,9.00,0.02
31296073,1,22.75,53.73,101.34,5.00,9.00,0.02
31359763,1,22.82,53.70,101.34,5.00,9.00,0.02
31423361,1,22.89,53.62,101.34,3.00,6.00,0.01
31486946,1,22.91,53.62,101.33,3.00,7.00,0.01
31550541,1,22.93,53.52,101.34,3.00,6.00,0.01
31614127,1,22.96,53.68,101.34,1.00,4.00,0.01
31677721,1,23.04,53.63,101.34,1.00,4.00,0.01
31741419,1,23.02,53.60,101.35,2.00,5.00,0.01
31804907,1,23.09,53.48,101.34,2.00,5.00,0.01
31868499,1,23.14,53.36,101.34,2.00,5.00,0.01
31932090,1,23.21,53.27,101.34,3.00,7.00,0.01
31995683,1,23.21,53.21,101.34,3.00,7.00,0.01
32059277,1,23.27,53.09,101.33,4.00,8.00,0.01
32122863,1,23.23,53.22,101.33,3.00,6.00,0.01
32186460,1,23.27,53.18,101.34,2.00,5.00,0.01
32250056,1,23.23,53.15,101.34,2.00,5.00,0.01
32313759,1,23.29,53.25,101.34,1.00,4.00,0.01
32377369,1,23.29,53.29,101.34,1.00,4.00,0.01
32440953,1,23.30,53.22,101.34,0.00,3.00,0.00
32504556,1,23.29,53.22,101.33,0.00,3.00,0.00
32568154,1,23.34,53.21,101.33,1.00,3.00,0.00
32631753,1,23.36,53.30,101.33,0.00,3.00,0.00
32695322,1,23.34,53.26,101.33,0.00,3.00,0.00
32758957,1,23.34,53.20,101.33,0.00,2.00,0.00
32822565,1,23.32,53.25,101.33,0.00,3.00,0.00
32886259,1,23.32,53.27,101.34,1.00,4.00,0.01
32949868,1,23.32,53.26,101.33,2.00,5.00,0.01
33013447,1,23.37,53.17,101.33,1.00,3.00,0.00
33077060,1,23.37,53.06,101.33,0.00,3.00,0.00
33140662,1,23.43,53.16,101.34,0.00,1.00,0.00
33204265,1,23.43,53.13,101.33,0.00,3.00,0.00
33267874,1,23.41,53.23,101.34,0.00,2.00,0.00
33331369,1,23.39,53.17,101.33,0.00,3.00,0.00
33394872,1,23.43,53.21,101.33,0.00,2.00,0.00
33458419,1,23.41,53.14,101.34,1.00,3.00,0.00
33521977,1,23.45,53.15,101.34,1.00,4.00,0.01
33585580,1,23.45,53.18,101.33,0.00,2.00,0.00
33649199,1,23.48,53.15,101.33,1.00,4.00,0.01
33712785,1,23.45,53.20,101.33,1.00,3.00,0.00
33776386,1,23.46,53.09,101.33,0.00,2.00,0.00
33839988,1,23.48,53.09,101.33,0.00,1.00,0.00
33903486,1,23.46,53.09,101.33,0.00,2.00,0.00
33966952,1,23.52,53.11,101.33,0.00,1.00,0.00
34030481,1,23.52,53.15,101.33,0.00,1.00,0.00
34093977,1,23.46,53.18,101.33,0.00,1.00,0.00
34157574,1,23.50,53.18,101.33,0.00,1.00,0.00
34221178,1,23.55,53.11,101.33,0.00,1.00,0.00
34284777,1,23.52,53.25,101.33,0.00,2.00,0.00
34348379,1,23.52,53.23,101.33,0.00,1.00,0.00
34411981,1,23.46,53.22,101.32,0.00,1.00,0.00
34475480,1,23.50,53.22,101.33,0.00,1.00,0.00
34538978,1,23.54,53.17,101.33,0.00,1.00,0.00
34602586,1,23.50,53.30,101.33,0.00,1.00,0.00
34666071,1,23.52,53.23,101.34,0.00,1.00,0.00
34729571,1,23.45,53.28,101.33,0.00,1.00,0.00
34793168,1,23.54,53.36,101.33,0.00,0.00,0.00
34856669,1,23.48,53.34,101.33,0.00,0.00,0.00
34920168,1,23.46,53.35,101.33,0.00,0.00,0.00
34983769,1,23.48,53.37,101.33,0.00,0.00,0.00
35047369,1,23.50,53.47,101.33,0.00,1.00,0.00
35110967,1,23.48,53.45,101.33,0.00,0.00,0.00
35174560,1,23.48,53.46,101.33,0.00,1.00,0.00
35238158,1,23.55,53.54,101.33,0.00,0.00,0.00
35301751,1,23.55,53.54,101.33,0.00,0.00,0.00
35365341,1,23.54,53.50,101.33,0.00,0.00,0.00
35428949,1,23.50,53.48,101.33,0.00,0.00,0.00
35492542,1,23.52,53.56,101.33,0.00,0.00,0.00
35556047,1,23.54,53.52,101.33,0.00,0.00,0.00
35619642,1,23.54,53.56,101.33,0.00,0.00,0.00
35683146,1,23.50,53.66,101.34,0.00,0.00,0.00
35746741,1,23.55,53.68,101.34,0.00,0.00,0.00
35810242,1,23.54,53.65,101.34,0.00,0.00,0.00
35873837,1,23.57,53.70,101.35,0.00,0.00,0.00
35937335,1,23.54,53.67,101.34,0.00,0.00,0.00
36000835,1,23.54,53.65,101.35,0.00,0.00,0.00
36064432,1,23.54,53.74,101.34,0.00,0.00,0.00
36128031,1,23.54,53.72,101.35,0.00,0.00,0.00
36191527,1,23.55,53.62,101.34,0.00,0.00,0.00
36255026,1,23.59,53.71,101.34,0.00,0.00,0.00
36318624,1,23.55,53.76,101.34,0.00,0.00,0.00
36382125,1,23.52,53.75,101.34,0.00,0.00,0.00
36445528,1,23.52,53.87,101.34,0.00,0.00,0.00
36509140,1,23.55,53.85,101.34,0.00,0.00,0.00
36572721,1,23.54,53.81,101.34,0.00,0.00,0.00
36636322,1,23.57,53.89,101.34,0.00,0.00,0.00
36700020,1,23.57,53.83,101.34,0.00,0.00,0.00
36763619,1,23.54,53.79,101.34,0.00,0.00,0.00
36827218,1,23.61,53.83,101.34,0.00,0.00,0.00
36890814,1,23.55,53.90,101.34,0.00,0.00,0.00
36954525,1,23.59,53.91,101.34,0.00,0.00,0.00
37018021,1,23.59,53.85,101.34,0.00,0.00,0.00
37081708,1,23.55,53.86,101.35,0.00,0.00,0.00
37145304,1,23.55,53.89,101.35,0.00,0.00,0.00
37209009,1,23.57,53.89,101.35,0.00,0.00,0.00
37272604,1,23.57,53.88,101.35,0.00,0.00,0.00
37336308,1,23.57,54.00,101.35,0.00,0.00,0.00
37399908,1,23.62,53.93,101.34,0.00,0.00,0.00
37463509,1,23.55,54.00,101.35,0.00,0.00,0.00
37527130,1,23.55,54.07,101.35,0.00,0.00,0.00
37590815,1,23.59,54.12,101.35,0.00,0.00,0.00
37654422,1,23.59,54.14,101.35,0.00,0.00,0.00
37718014,1,23.55,54.16,101.35,0.00,0.00,0.00
37781573,1,23.62,54.06,101.35,0.00,0.00,0.00
37845125,1,23.62,54.12,101.35,0.00,0.00,0.00
37908717,1,23.61,54.10,101.35,0.00,0.00,0.00
37972234,1,23.59,54.04,101.35,0.00,0.00,0.00
38035925,1,23.61,54.12,101.35,0.00,0.00,0.00
38099634,1,23.61,54.15,101.35,0.00,0.00,0.00
38163228,1,23.59,54.21,101.35,0.00,0.00,0.00
38226832,1,23.64,54.21,101.35,0.00,0.00,0.00
38290432,1,23.59,54.24,101.35,0.00,0.00,0.00
38353946,1,23.59,54.27,101.35,0.00,0.00,0.00
38417529,1,23.62,54.18,101.35,0.00,0.00,0.00
38481135,1,23.66,54.23,101.36,0.00,0.00,0.00
38544736,1,23.59,54.18,101.36,0.00,0.00,0.00
38608240,1,23.61,54.22,101.35,0.00,0.00,0.00
38671837,1,23.61,54.29,101.35,0.00,0.00,0.00
38735352,1,23.61,54.32,101.35,0.00,0.00,0.00
38798840,1,23.57,54.31,101.35,0.00,0.00,0.00
38862549,1,23.61,54.29,101.35,0.00,0.00,0.00
38926153,1,23.59,54.30,101.35,0.00,0.00,0.00
38989758,1,23.62,54.41,101.35,0.00,0.00,0.00
39053363,1,23.59,54.44,101.35,0.00,0.00,0.00
39116974,1,23.55,54.46,101.35,0.00,0.00,0.00
39180593,1,23.57,54.53,101.35,0.00,0.00,0.00
39244093,1,23.59,54.48,101.35,0.00,0.00,0.00
39307701,1,23.64,54.51,101.35,0.00,0.00,0.00
39371334,1,23.59,54.50,101.34,0.00,0.00,0.00
39434913,1,23.57,54.50,101.34,0.00,0.00,0.00
39498613,1,23.57,54.50,101.34,0.00,0.00,0.00
39562221,1,23.59,54.52,101.34,0.00,0.00,0.00
