millis,arduinoId,temp,temp_dht22,humidity,humidity_dht22,pressure,illuminance,uva,uvb,uvIndex
15685,1,20.36,20.30,66.99,50.60,102.22,398.39,23.02,18.19,0.04
millis,arduinoId,temp,temp_dht22,humidity,humidity_dht22,pressure,illuminance,uva,uvb,uvIndex
15719,1,20.79,20.10,64.75,47.20,76.15,119.35,5.00,7.00,0.01
79146,1,20.71,20.10,64.76,48.00,102.22,298.39,18.24,16.14,0.03
142641,1,20.91,20.10,64.19,48.10,102.22,1591.94,324.32,187.70,0.48
206255,1,19.91,19.70,62.19,46.80,102.22,1577.42,214.68,133.01,0.33
269641,1,18.18,17.90,65.23,50.20,102.22,1577.42,214.13,133.32,0.33
333012,1,17.16,16.80,67.28,52.90,102.22,1579.03,213.58,130.63,0.33
396404,1,16.36,15.90,69.14,54.70,102.22,1577.42,216.58,134.63,0.33
459999,1,15.95,15.20,72.29,59.20,102.22,1577.42,218.25,136.89,0.34
523420,1,15.66,14.60,73.69,61.40,102.22,1577.42,217.70,135.20,0.33
586880,1,15.48,14.10,76.94,66.50,102.22,1579.03,218.15,134.51,0.33
650374,1,15.07,13.60,77.20,65.10,102.22,1577.42,221.15,136.51,0.34
713772,1,14.86,13.30,78.07,67.50,102.22,1579.03,222.82,138.77,0.34
777363,1,14.84,13.00,79.44,69.90,102.22,1580.65,225.82,141.77,0.34
840850,1,14.75,12.70,79.26,69.70,102.22,1579.03,226.27,141.08,0.34
904340,1,14.48,12.60,79.36,70.20,102.22,1580.65,223.17,137.70,0.34
967756,1,14.27,12.40,81.13,71.90,102.23,1579.03,224.84,138.96,0.34
1031160,1,14.30,12.30,82.06,73.00,102.23,1580.65,226.84,141.96,0.35
1097601,1,14.30,12.20,82.67,73.90,102.23,1580.65,228.51,142.22,0.35
1161487,1,14.45,12.10,85.85,78.40,102.22,1580.65,229.29,143.27,0.35
1224982,1,14.52,12.10,83.10,75.30,102.23,1580.65,230.96,145.53,0.36
1288366,1,14.57,12.00,82.98,75.10,102.23,1580.65,230.08,142.10,0.35
1351758,1,14.54,12.10,80.91,73.00,102.23,1580.65,234.08,148.10,0.36
1415146,1,14.52,12.10,82.34,75.40,102.22,1582.26,233.53,146.41,0.36
1478546,1,14.12,12.00,83.29,74.60,102.23,1582.26,235.75,149.36,0.37
1542031,1,14.00,12.00,83.87,74.30,102.22,1582.26,236.53,150.41,0.37
1605523,1,14.00,12.00,84.08,74.60,102.23,1580.65,234.65,146.98,0.36
1669014,1,13.95,12.10,84.06,73.90,102.23,1582.26,235.10,146.29,0.36
1732405,1,13.98,12.00,84.93,75.20,102.23,1580.65,239.32,152.24,0.37
1795896,1,13.95,12.00,85.72,75.10,102.23,1582.26,238.77,150.55,0.37
1859290,1,13.96,12.00,84.83,73.90,102.23,1582.26,238.22,150.86,0.37
1922776,1,13.93,12.10,86.23,76.50,102.23,1582.26,240.89,153.12,0.37
1986267,1,14.02,12.10,86.11,74.80,102.23,1582.26,239.34,150.43,0.37
2049662,1,13.95,12.10,88.57,78.20,102.23,1582.26,242.34,154.43,0.38
2113048,1,14.04,12.10,86.67,74.90,102.23,1583.87,241.46,152.00,0.37
2176536,1,13.93,12.20,86.52,74.30,102.23,1582.26,243.46,155.00,0.38
2239938,1,13.96,12.20,86.18,73.40,102.23,1585.48,244.81,152.93,0.38
2303431,1,14.11,12.30,86.93,74.80,102.24,1585.48,244.71,150.55,0.37
2366810,1,14.30,12.30,86.10,75.50,102.24,1585.48,242.53,143.98,0.36
2430199,1,14.45,12.30,84.51,74.50,102.24,1587.10,244.30,145.62,0.37
2493693,1,14.64,12.30,84.74,73.10,102.24,1583.87,250.03,157.88,0.39
2557049,1,14.54,12.40,84.19,72.40,102.24,1585.48,251.03,160.88,0.39
2620471,1,14.55,12.40,85.39,73.50,102.24,1585.48,249.15,157.45,0.39
2683937,1,14.46,12.40,86.82,75.00,102.24,1583.87,252.15,159.45,0.39
2747458,1,14.50,12.40,86.22,73.50,102.24,1583.87,253.82,160.71,0.39
2810852,1,14.41,12.40,86.52,74.30,102.24,1585.48,253.27,159.02,0.39
2874339,1,14.55,12.40,87.34,74.90,102.24,1585.48,255.27,161.02,0.40
3037368,1,14.66,12.50,85.89,73.20,102.24,1585.48,255.17,158.64,0.39
3100768,1,14.52,12.70,86.38,72.50,102.24,1585.48,259.39,163.59,0.40
3167125,1,14.59,12.70,86.62,73.20,102.24,1585.48,258.84,162.90,0.40
3244627,1,14.66,12.80,86.11,72.40,102.24,1585.48,263.06,168.85,0.41
3313666,1,14.62,12.90,84.83,70.10,102.24,1583.87,263.84,166.90,0.41
3377196,1,14.57,13.00,84.44,69.20,102.24,1587.10,260.41,161.78,0.40
3445653,1,14.43,13.00,86.56,70.30,102.24,1587.10,259.86,162.09,0.40
3511872,1,14.59,13.00,87.17,72.10,102.24,1587.10,262.53,166.35,0.41
3583618,1,14.73,13.00,86.36,70.90,102.24,1600.00,265.11,102.07,0.33
3714996,1,14.93,13.10,83.90,71.40,102.24,1595.16,265.81,149.70,0.39
3778505,1,15.27,13.20,82.72,68.70,102.25,1590.32,266.03,164.45,0.41
3842240,1,15.25,13.30,83.47,70.30,102.25,1593.55,269.79,157.51,0.40
3905902,1,15.14,13.40,82.03,67.60,102.24,1593.55,268.51,149.56,0.39
3972390,1,15.21,13.80,79.81,65.00,102.25,1614.52,266.94,-60.43,0.12
4041494,1,15.89,14.30,76.70,63.30,102.24,1619.35,282.07,-195.62,-0.05
4112451,1,17.36,14.40,74.35,63.50,102.24,1603.23,269.51,82.56,0.30
4179024,1,17.39,14.20,73.88,64.20,102.25,1593.55,274.45,162.36,0.41
4268664,1,16.84,14.10,74.52,64.60,102.24,1588.71,274.02,174.04,0.43
4339799,1,16.27,14.00,77.61,66.90,102.24,1590.32,276.37,175.97,0.43
4410854,1,16.25,14.00,78.64,66.40,102.24,1590.32,276.19,171.40,0.42
4481909,1,16.50,14.00,75.15,63.00,102.24,1590.32,279.04,177.23,0.43
4552964,1,16.82,14.10,74.26,63.50,102.24,1588.71,282.36,183.56,0.44
4624019,1,16.96,14.10,75.51,66.80,102.24,1590.32,280.74,179.09,0.44
4695074,1,17.25,14.00,75.06,67.20,102.24,1587.10,282.71,182.49,0.44
4766130,1,17.27,14.00,72.78,64.10,102.24,1588.71,285.81,187.87,0.45
4837185,1,17.16,14.10,73.23,65.60,102.24,1588.71,288.91,190.25,0.45
4908240,1,17.16,14.20,70.25,61.30,102.24,1588.71,287.36,189.56,0.46
4979296,1,17.57,14.20,69.77,61.90,102.24,1588.71,290.03,190.82,0.46
5050351,1,18.04,14.20,69.67,62.70,102.24,1588.71,291.48,192.13,0.46
5121406,1,18.29,14.20,71.98,69.30,102.24,1590.32,291.61,190.11,0.46
5192461,1,18.45,14.20,73.56,69.90,102.24,1591.94,292.33,187.16,0.46
5263517,1,18.32,14.30,73.01,68.80,102.24,1590.32,294.73,192.68,0.46
5334572,1,18.23,14.50,70.62,65.70,102.25,1590.32,296.60,196.70,0.47
5405627,1,18.18,14.50,70.29,64.10,102.25,1590.32,296.05,197.01,0.47
5476683,1,18.00,14.60,69.39,62.10,102.24,1590.32,296.50,196.32,0.47
5547738,1,18.29,14.70,68.28,61.80,102.24,1591.94,295.30,191.56,0.46
5618794,1,18.34,14.70,68.27,61.70,102.25,1591.94,299.85,197.25,0.47
5689849,1,17.95,14.70,67.48,60.00,102.25,1591.94,298.95,198.63,0.48
5760903,1,18.29,14.70,66.06,58.30,102.25,1590.32,304.17,202.58,0.48
5831959,1,18.20,14.80,65.86,60.10,102.25,1591.94,303.62,202.89,0.48
5903013,1,17.98,14.70,66.50,59.60,102.25,1590.32,305.29,204.15,0.49
5974069,1,18.18,14.80,64.76,58.00,102.25,1591.94,306.07,204.20,0.49
6045124,1,18.34,14.80,64.55,57.50,102.25,1590.32,313.83,214.06,0.51
6116179,1,18.62,14.80,63.79,58.30,102.25,1591.94,308.52,205.51,0.49
6187234,1,18.71,14.80,63.21,57.90,102.25,1590.32,308.97,205.82,0.49
6258290,1,18.34,14.90,63.73,57.90,102.25,1590.32,312.42,208.13,0.50
6329345,1,18.30,15.00,63.93,57.60,102.25,1591.94,313.87,209.44,0.50
6400400,1,18.36,15.10,62.89,56.60,102.26,1593.55,314.47,206.92,0.50
6471455,1,18.45,15.10,62.87,56.50,102.25,1593.55,314.44,210.32,0.50
6542510,1,18.62,15.10,62.17,55.60,102.26,1591.94,315.44,210.32,0.50
6613565,1,18.61,15.20,61.98,55.90,102.26,1593.55,315.01,209.20,0.50
6684621,1,18.71,15.20,62.33,56.80,102.26,1591.94,318.46,213.51,0.51
6755676,1,18.71,15.20,61.23,55.20,102.26,1593.55,322.46,216.51,0.52
6826732,1,18.71,15.30,61.86,56.70,102.26,1593.55,324.16,214.37,0.51
6897787,1,18.82,15.40,61.34,55.60,102.26,1595.16,324.06,210.99,0.51
6968843,1,19.05,15.40,62.96,59.00,102.26,1595.16,323.73,211.25,0.51
7039898,1,19.32,15.40,64.81,61.50,102.26,1595.16,325.86,210.23,0.51
7110955,1,19.20,15.60,62.46,57.00,102.26,1596.77,328.94,203.62,0.50
7182010,1,19.23,15.60,60.56,54.60,102.26,1595.16,327.33,207.73,0.51
7253065,1,19.48,15.60,61.73,57.60,102.26,1595.16,327.08,212.18,0.51
7324120,1,19.66,15.50,61.74,58.30,102.26,1591.94,329.37,220.91,0.53
7395176,1,19.46,15.60,59.86,54.20,102.26,1593.55,330.15,222.96,0.53
7466231,1,19.57,15.60,59.16,54.30,102.26,1591.94,331.60,222.27,0.53
7537287,1,19.23,15.70,57.64,52.30,102.26,1595.16,332.07,218.77,0.53
7608342,1,19.54,15.90,60.41,56.10,102.26,1595.16,332.90,214.61,0.52
7679397,1,19.64,16.20,59.38,55.00,102.26,1596.77,332.68,213.66,0.52
7750453,1,19.98,16.50,60.31,55.40,102.26,1595.16,333.87,220.01,0.53
7821508,1,19.80,16.80,59.22,53.40,102.26,1595.16,335.44,219.89,0.53
7892564,1,20.04,16.90,58.32,52.60,102.26,1596.77,331.92,213.80,0.52
7963619,1,19.91,16.80,57.93,52.20,102.26,1595.16,339.54,225.27,0.54
8034674,1,19.70,16.60,58.60,53.00,102.26,1595.16,338.76,224.22,0.54
8105730,1,19.50,16.50,58.60,52.20,102.26,1596.77,341.21,227.53,0.54
8176785,1,19.71,16.40,58.94,53.40,102.26,1595.16,341.66,226.84,0.54
8247841,1,19.66,16.30,57.54,52.00,102.26,1595.16,341.46,224.08,0.54
8318896,1,19.55,16.20,58.28,53.40,102.26,1595.16,342.00,226.36,0.54
8389952,1,19.79,16.10,57.76,53.70,102.26,1595.16,345.10,231.74,0.55
8461007,1,19.68,16.10,56.82,52.20,102.26,1595.16,345.77,231.00,0.55
8532062,1,19.93,16.10,57.58,53.80,102.26,1595.16,347.22,231.31,0.55
8603118,1,19.84,16.10,57.84,54.10,102.26,1595.16,350.55,236.05,0.56
8674173,1,19.71,16.20,57.76,53.20,102.26,1596.77,351.00,234.36,0.56
8745229,1,19.61,16.20,56.98,52.50,102.26,1596.77,351.79,234.19,0.56
8816284,1,19.73,16.30,57.34,53.40,102.26,1595.16,351.57,233.24,0.56
8887340,1,19.82,16.30,57.27,53.00,102.26,1595.16,352.69,233.81,0.56
8958395,1,19.87,16.40,56.70,52.50,102.26,1596.77,356.69,238.81,0.57
9029451,1,20.20,16.40,58.97,55.00,102.26,1595.16,354.26,233.69,0.56
9100506,1,20.14,16.60,58.31,54.40,102.26,1596.77,355.16,234.31,0.56
9171562,1,19.80,16.50,57.23,52.80,102.26,1596.77,357.71,237.00,0.57
9242618,1,19.46,16.50,55.92,49.80,102.26,1596.77,358.83,236.57,0.57
9313673,1,19.36,16.40,54.63,49.10,102.26,1596.77,359.28,238.88,0.57
9384729,1,19.34,16.30,55.61,50.80,102.27,1596.77,361.28,239.88,0.57
9455804,1,19.37,16.30,55.23,50.10,102.26,1596.77,362.73,241.19,0.58
9526879,1,19.11,16.50,58.63,54.20,102.26,1596.77,360.85,236.76,0.57
9597955,1,19.54,16.50,55.14,48.70,102.26,1596.77,363.85,240.76,0.58
9669029,1,19.79,16.50,53.63,49.20,102.26,1596.77,365.52,242.02,0.58
9740105,1,19.64,16.50,54.40,50.60,102.26,1598.39,364.75,240.38,0.58
9811180,1,19.93,16.50,54.88,50.60,102.26,1598.39,365.87,239.95,0.58
9882255,1,19.89,16.50,56.69,53.90,102.26,1596.77,365.99,239.52,0.58
9953331,1,19.93,16.60,55.98,51.40,102.26,1600.00,367.44,240.83,0.58
10024417,1,19.89,16.60,54.83,50.80,102.25,1598.39,369.24,239.07,0.58
10095503,1,19.86,16.60,53.87,49.60,102.25,1598.39,369.14,237.69,0.58
10166588,1,19.62,16.60,54.47,49.90,102.26,1598.39,372.03,240.90,0.58
10237674,1,20.00,16.70,53.87,50.00,102.26,1600.00,372.71,239.57,0.58
10308789,1,19.95,16.70,55.05,51.60,102.26,1598.39,376.16,241.88,0.59
10379904,1,19.87,16.70,54.51,50.40,102.26,1596.77,375.73,241.50,0.59
10451020,1,20.25,16.70,54.03,50.70,102.26,1598.39,372.97,233.90,0.58
10522134,1,20.16,16.80,53.98,51.70,102.26,1598.39,381.51,243.81,0.59
10593250,1,20.43,16.80,54.50,51.70,102.25,1598.39,384.08,245.69,0.60
10664375,1,20.84,16.80,53.38,50.90,102.25,1600.00,390.63,253.38,0.61
10735500,1,20.45,16.90,52.88,50.00,102.25,1600.00,393.20,255.26,0.62
10806625,1,20.71,16.90,51.91,49.30,102.26,1601.61,397.55,255.19,0.62
10877749,1,20.82,17.00,50.43,48.50,102.25,1601.61,401.90,256.12,0.63
10948864,1,20.37,17.10,50.24,47.40,102.26,1601.61,403.80,256.74,0.63
11019979,1,20.04,17.10,49.97,46.00,102.26,1601.61,398.13,252.48,0.62
11091094,1,19.89,17.00,50.44,46.30,102.26,1601.61,393.92,249.31,0.61
11162220,1,20.14,17.00,50.40,47.20,102.26,1601.61,396.29,246.43,0.61
11233337,1,19.98,17.10,50.41,47.20,102.26,1600.00,426.76,293.68,0.69
11304452,1,19.82,17.30,51.84,45.80,102.25,1593.55,514.03,421.61,0.92
11375567,1,19.77,17.00,54.73,45.70,102.25,1595.16,527.04,434.02,0.95
11446682,1,19.75,16.80,55.82,48.20,102.26,1596.77,533.75,418.23,0.93
11517798,1,19.79,16.70,56.37,49.00,102.25,1604.84,403.20,227.49,0.59
11588913,1,20.18,16.90,49.41,47.00,102.26,1608.06,399.19,212.91,0.57
11660028,1,20.64,17.10,47.98,47.10,102.25,1608.06,399.21,210.10,0.56
11731153,1,21.12,17.30,47.45,47.00,102.25,1603.23,476.69,327.68,0.77
11802268,1,20.87,17.30,49.63,46.50,102.26,1604.84,393.17,221.26,0.57
11863721,1,20.77,17.70,46.13,46.30,102.26,1601.61,491.28,349.07,0.81
11924752,1,21.00,17.90,50.77,46.40,102.26,1603.23,455.50,301.01,0.72
11985782,1,20.84,17.70,50.76,47.60,102.26,1608.06,403.65,220.00,0.58
12046812,1,20.95,17.80,46.46,45.90,102.26,1614.52,423.31,176.63,0.54
12107842,1,20.93,17.80,42.64,45.70,102.26,1614.52,424.21,164.08,0.52
12168875,1,21.45,18.10,42.87,46.40,102.26,1624.19,412.21,-52.04,0.23
12229905,1,22.93,18.70,19.27,46.00,102.26,1627.42,512.78,-124.85,0.21
12290935,1,24.48,19.10,13.82,43.50,102.27,1616.13,403.32,120.47,0.45
12351966,1,24.36,19.00,36.96,43.10,102.26,1608.06,402.90,206.75,0.56
12412996,1,22.82,18.80,41.11,42.90,102.26,1603.23,402.17,234.63,0.60
12474027,1,22.27,18.60,43.94,43.10,102.26,1604.84,405.54,235.75,0.60
12535057,1,21.89,18.60,41.14,43.30,102.26,1609.68,418.47,219.63,0.59
12596090,1,21.93,18.50,42.75,44.80,102.26,1608.06,440.54,241.41,0.63
12657120,1,22.11,18.60,44.04,43.20,102.25,1609.68,462.93,248.35,0.66
12718151,1,21.95,18.60,42.87,42.30,102.25,1608.06,477.30,269.44,0.70
12779181,1,22.02,18.50,42.63,42.00,102.26,1608.06,462.27,244.04,0.65
12840210,1,22.30,18.60,41.56,42.10,102.25,1608.06,430.55,211.56,0.59
12901241,1,22.18,18.70,41.42,42.40,102.25,1611.29,448.04,216.77,0.61
12962271,1,22.29,18.70,41.35,42.10,102.25,1604.84,553.18,398.64,0.92
13023304,1,22.23,18.70,48.43,42.20,102.25,1603.23,547.24,410.01,0.93
13084334,1,21.48,18.50,49.53,43.10,102.26,1603.23,563.94,416.87,0.95
13145365,1,20.79,18.10,50.50,44.00,102.25,1606.45,576.28,410.85,0.95
13206395,1,20.75,17.90,51.46,44.80,102.26,1609.68,618.18,422.93,1.00
13267426,1,21.37,17.90,51.78,45.90,102.25,1616.13,603.18,289.47,0.82
13328456,1,21.57,17.90,45.87,47.10,102.27,1627.42,589.22,-241.56,0.12
13389487,1,23.21,19.20,15.96,44.70,102.27,1632.26,780.11,-547.08,-0.14
13450517,1,27.29,21.50,-0.37,42.10,102.28,1633.87,857.35,-753.35,-0.35
13511550,1,30.52,23.50,-0.01,37.20,102.28,1633.87,851.47,-846.72,-0.47
13572581,1,31.93,24.60,8.85,34.20,102.28,1633.87,875.56,-888.35,-0.51
13633611,1,33.41,25.20,17.14,32.60,102.28,1633.87,893.28,-922.30,-0.55
13694641,1,33.84,25.60,20.57,30.10,102.28,1632.26,895.17,-919.75,-0.54
13755672,1,35.29,26.30,23.59,31.90,102.28,1635.48,936.25,-976.70,-0.58
13816702,1,36.71,27.50,23.00,31.50,102.28,1635.48,962.42,-1020.71,-0.62
13877732,1,37.27,28.40,21.43,28.30,102.28,1632.26,999.02,-1029.43,-0.60
13938765,1,38.04,29.00,20.56,27.70,102.28,1635.48,1054.06,-1025.05,-0.56
13999796,1,38.59,29.60,19.33,26.70,102.28,1635.48,1125.59,-978.81,-0.45
14060826,1,39.75,30.30,18.51,26.50,102.28,1635.48,1201.42,-931.23,-0.33
14121862,1,39.36,30.50,17.73,25.70,102.28,1635.48,1281.51,-851.52,-0.17
14182892,1,40.79,31.00,17.31,26.10,102.28,1633.87,1341.70,-792.17,-0.05
14243922,1,40.68,31.10,16.14,25.00,102.27,1633.87,1395.50,-744.93,0.05
14304953,1,40.73,31.50,16.63,26.50,102.27,1633.87,1447.96,-715.84,0.13
14365986,1,39.80,31.90,15.84,24.10,102.27,1633.87,1523.12,-661.52,0.26
14427016,1,40.88,31.70,15.50,24.90,102.27,1635.48,1512.65,-577.54,0.36
14488046,1,41.39,31.90,16.63,25.80,102.27,1635.48,1627.73,-598.89,0.41
14549076,1,41.52,32.40,14.48,24.50,102.28,1635.48,1690.05,-569.73,0.50
14610106,1,41.63,32.50,13.32,24.60,102.28,1635.48,1745.62,-549.39,0.56
14671137,1,42.50,32.90,11.41,24.10,102.27,1633.87,1759.86,-577.90,0.54
14732167,1,43.84,33.60,9.26,23.90,102.27,1637.10,1765.68,-622.12,0.48
14793201,1,44.18,34.20,7.69,23.50,102.27,1635.48,1723.27,-662.16,0.40
14854231,1,43.05,33.60,7.63,23.10,102.27,1635.48,1712.45,-681.93,0.37
14915262,1,44.20,34.00,5.67,23.20,102.26,1633.87,1735.73,-677.06,0.39
14976292,1,43.50,34.00,5.15,24.10,102.26,1635.48,1706.05,-736.81,0.29
15037322,1,40.61,33.00,6.74,24.20,102.26,1627.42,1041.39,145.82,0.95
15098353,1,41.32,33.40,16.55,23.30,102.26,1616.13,795.62,386.30,1.08
15159383,1,36.86,31.20,22.34,24.20,102.26,1633.87,1361.36,-519.28,0.32
15220416,1,35.95,30.50,15.77,25.80,102.26,1633.87,1462.74,-700.83,0.16
15281446,1,37.68,30.60,10.68,25.90,102.26,1633.87,1517.12,-656.10,0.26
15342476,1,38.32,31.00,7.35,25.90,102.26,1635.48,1531.58,-608.84,0.33
15403506,1,39.23,31.20,4.45,24.30,102.26,1635.48,1555.57,-561.51,0.41
15464537,1,40.84,31.70,3.83,25.90,102.26,1632.26,1570.80,-544.78,0.44
15525567,1,42.11,32.40,1.80,25.20,102.26,1633.87,1590.67,-548.56,0.45
15586597,1,43.29,33.60,-0.82,24.00,102.26,1633.87,1611.79,-543.99,0.47
15647630,1,44.14,33.90,-3.16,23.60,102.26,1635.48,1634.47,-559.32,0.47
15708660,1,43.29,34.20,-4.86,22.90,102.26,1635.48,1668.50,-568.35,0.48
15769690,1,44.39,34.40,-6.13,23.30,102.26,1635.48,1654.78,-599.40,0.43
15830721,1,43.00,34.50,-8.23,22.30,102.25,1635.48,1686.47,-613.95,0.44
15891751,1,42.80,34.70,-8.98,23.20,102.26,1635.48,1682.19,-642.10,0.40
15952781,1,41.75,34.40,-10.85,23.50,102.26,1635.48,1767.95,-650.04,0.45
16013812,1,42.70,34.70,-12.94,22.90,102.25,1635.48,1816.66,-658.86,0.47
16074844,1,45.21,35.60,-14.51,24.00,102.25,1633.87,1850.06,-690.97,0.46
16135875,1,45.18,35.80,-18.44,23.20,102.25,1635.48,1919.67,-719.71,0.47
16196905,1,46.13,36.20,-22.69,23.40,102.24,1633.87,1958.00,-676.80,0.55
16257936,1,46.39,36.60,-28.70,23.10,102.25,1633.87,1981.15,-637.09,0.62
16318966,1,46.11,36.20,-35.95,23.70,102.25,1633.87,1990.38,-627.36,0.64
16379997,1,44.98,36.00,-47.14,22.70,102.25,1633.87,2032.19,-617.88,0.68
16441027,1,44.38,35.80,-56.28,22.80,102.25,1635.48,2094.27,-593.29,0.76
16502060,1,46.13,36.20,-58.62,23.70,102.24,1635.48,2071.21,-602.86,0.73
16563090,1,46.48,36.60,-59.86,21.60,102.25,1633.87,2047.09,-627.80,0.68
16624121,1,46.38,36.30,-59.78,22.30,102.24,1635.48,2018.78,-662.09,0.62
16685151,1,45.50,36.50,-59.57,22.40,102.24,1635.48,1989.52,-685.42,0.57
16746181,1,46.14,36.20,-59.21,22.30,102.24,1633.87,1940.40,-732.36,0.47
16807212,1,45.66,36.40,-59.34,21.80,102.24,1633.87,1946.46,-716.36,0.49
16868242,1,46.55,36.60,-59.48,21.10,102.23,1633.87,1913.68,-728.35,0.45
16929275,1,45.77,37.00,-59.21,21.30,102.24,1635.48,1946.35,-722.74,0.49
16990305,1,46.18,36.90,-59.41,21.50,102.24,1635.48,1832.13,-705.72,0.42
17051336,1,45.18,36.70,-59.06,21.20,102.24,1635.48,1884.17,-629.76,0.56
17112366,1,44.46,35.80,-58.73,22.30,102.23,1635.48,1856.42,-564.78,0.62
17173396,1,43.52,35.30,-58.74,21.60,102.23,1637.10,1919.80,-444.25,0.83
17234426,1,44.16,35.10,-58.76,22.80,102.23,1635.48,1925.97,-381.26,0.91
17295456,1,41.96,34.90,-58.51,23.60,102.23,1633.87,1913.13,-320.63,0.98
17356489,1,43.23,35.40,-59.35,22.50,102.23,1633.87,1881.20,-219.14,1.09
17417520,1,42.27,34.60,-58.70,22.00,102.22,1619.35,998.59,483.91,1.36
17478551,1,39.07,32.90,12.57,23.20,102.25,1635.48,1810.26,-183.78,1.08
17539581,1,41.38,33.60,-58.76,23.20,102.22,1614.52,785.48,485.50,1.20
17600612,1,39.45,32.80,17.32,22.60,102.24,1633.87,1806.03,-66.00,1.23
17661642,1,40.46,33.60,-58.04,25.10,102.22,1635.48,1810.54,-15.63,1.30
17722672,1,39.93,33.50,-58.34,23.30,102.22,1633.87,1859.53,27.85,1.39
17783703,1,41.30,33.90,-58.05,24.00,102.21,1633.87,1861.17,19.03,1.38
17844736,1,40.93,33.30,-58.91,22.40,102.21,1635.48,1859.68,14.34,1.38
17905766,1,43.43,34.00,-58.75,23.20,102.22,1635.48,1865.04,-19.69,1.34
17966796,1,43.79,35.20,-59.14,23.70,102.21,1635.48,1851.71,-72.80,1.26
18027827,1,41.66,34.10,-59.70,21.60,102.21,1633.87,1893.64,-78.58,1.28
18088857,1,40.75,33.10,-59.79,22.00,102.21,1633.87,1987.34,-31.72,1.41
18149888,1,41.66,33.50,-59.93,22.10,102.21,1635.48,2046.03,7.73,1.50
18210918,1,42.96,34.40,-60.34,22.70,102.20,1635.48,2073.14,54.89,1.59
18271951,1,43.59,34.80,-60.89,22.20,102.20,1633.87,2098.41,100.26,1.66
18332981,1,43.55,34.50,-61.14,22.60,102.20,1635.48,2092.13,135.42,1.70
18394012,1,46.13,35.80,-61.70,23.90,102.20,1635.48,2079.58,144.30,1.71
18455042,1,47.04,37.40,-62.50,22.10,102.19,1632.26,2051.14,96.37,1.62
18516073,1,46.77,37.30,-63.54,21.30,102.19,1630.65,1986.77,78.70,1.55
18577103,1,46.11,37.30,-63.11,21.50,102.19,1627.42,1972.80,45.76,1.50
18638134,1,44.45,36.90,-62.89,23.20,102.19,1620.97,1227.08,567.06,1.63
18699167,1,41.50,35.40,-6.77,21.70,102.23,1625.81,1849.37,168.86,1.57
18760197,1,42.09,35.10,-58.80,22.30,102.20,1624.19,1825.58,280.57,1.70
18821227,1,43.59,35.20,-54.61,23.10,102.20,1622.58,1603.95,365.59,1.65
18882257,1,41.55,34.50,-40.75,21.50,102.21,1624.19,1723.17,105.38,1.40
18943287,1,39.86,33.70,-57.13,22.60,102.20,1624.19,1864.05,87.05,1.47
19004317,1,41.54,33.90,-60.22,22.90,102.20,1625.81,1923.04,115.45,1.55
19065348,1,41.23,33.70,-60.85,22.90,102.20,1630.65,1903.33,157.78,1.59
19126381,1,43.25,34.30,-60.22,23.40,102.19,1633.87,1881.84,190.52,1.62
19187411,1,43.25,34.90,-60.38,22.10,102.19,1633.87,1893.10,238.91,1.69
19248442,1,43.05,34.80,-60.32,21.90,102.20,1633.87,1942.92,297.60,1.80
19309472,1,41.96,34.20,-60.42,22.40,102.20,1635.48,1934.63,315.04,1.82
19370502,1,42.36,34.10,-60.64,21.90,102.20,1635.48,1958.29,342.89,1.87
19431533,1,43.52,34.90,-60.64,22.70,102.20,1633.87,1978.29,313.87,1.85
19492563,1,38.80,33.90,-59.65,25.10,102.20,1633.87,1968.82,295.74,1.82
19553595,1,38.27,33.00,-59.73,24.20,102.20,1635.48,1968.48,282.59,1.80
19614625,1,36.75,32.60,-59.16,25.40,102.19,1633.87,2022.79,313.97,1.90
19675656,1,38.07,32.70,-59.06,24.30,102.19,1635.48,2123.65,428.60,2.11
19736686,1,40.11,33.30,-60.19,22.50,102.19,1635.48,2125.87,454.29,2.14
19797717,1,41.55,34.10,-60.47,23.10,102.18,1635.48,2084.19,448.47,2.10
19858747,1,42.91,34.90,-60.41,23.70,102.17,1633.87,2076.44,411.28,2.05
19919778,1,41.61,34.50,-60.98,22.70,102.18,1635.48,2072.36,399.26,2.03
19980811,1,42.32,34.50,-60.83,22.80,102.18,1633.87,2078.72,388.60,2.02
20041841,1,43.95,35.40,-60.84,22.70,102.18,1633.87,2012.92,343.84,1.92
20102871,1,45.27,36.50,-61.12,22.50,102.18,1633.87,1995.88,307.66,1.86
20163902,1,44.29,36.50,-61.57,21.10,102.17,1637.10,1935.11,258.93,1.75
20224932,1,44.25,36.70,-60.66,23.50,102.17,1633.87,1983.82,264.20,1.79
20285963,1,43.93,36.40,-61.33,21.20,102.17,1633.87,2003.48,279.05,1.83
20346993,1,43.61,35.80,-61.38,21.50,102.18,1633.87,2060.43,289.46,1.88
20408026,1,44.98,36.60,-61.55,22.40,102.17,1633.87,2101.83,320.98,1.95
20469057,1,46.05,37.00,-61.60,23.40,102.17,1633.87,1980.35,398.22,1.89
20530087,1,44.52,36.80,-59.10,20.90,102.18,1627.42,1248.21,555.41,1.63
20591117,1,40.63,34.90,-9.23,22.30,102.21,1637.10,2272.61,408.24,2.19
20652148,1,40.98,34.50,-62.93,22.00,102.17,1635.48,2309.39,486.46,2.32
20713178,1,43.34,35.50,-63.21,21.80,102.17,1635.48,2337.42,524.06,2.39
20774209,1,44.07,35.50,-63.71,22.20,102.17,1619.35,987.78,591.62,1.49
20835239,1,40.25,34.60,9.72,23.30,102.23,1616.13,866.89,552.03,1.34
20896272,1,37.00,32.90,13.07,23.10,102.23,1616.13,821.76,532.59,1.29
20957302,1,35.45,31.70,16.53,24.10,102.23,1624.19,1113.20,588.88,1.58
21018333,1,33.95,30.60,4.58,24.60,102.22,1627.42,1313.35,601.72,1.74
21079363,1,36.75,30.80,-9.36,24.10,102.21,1619.35,891.27,571.13,1.39
21140394,1,33.23,29.40,14.18,24.50,102.22,1620.97,998.08,593.90,1.50
21201424,1,32.54,28.50,11.55,25.10,102.23,1635.48,2463.91,648.32,2.64
21262454,1,34.70,29.10,-61.95,26.80,102.17,1625.81,1216.08,625.64,1.70
21323487,1,38.70,30.70,-4.57,27.10,102.21,1635.48,1309.99,24.12,0.99
21384517,1,41.95,33.10,-62.81,26.00,102.16,1635.48,423.65,-389.98,-0.20
21445548,1,42.48,34.50,-64.09,23.60,102.16,1632.26,565.59,-7.80,0.40
21506578,1,41.23,34.80,-57.04,23.00,102.17,1635.48,441.24,-121.53,0.16
21567608,1,42.84,35.30,-63.00,23.70,102.15,1635.48,502.51,-70.25,0.28
21628639,1,45.52,36.60,-64.22,22.90,102.14,1637.10,497.01,-94.21,0.24
21689669,1,45.89,37.50,-64.98,23.10,102.15,1635.48,432.47,-170.35,0.10
21750702,1,43.75,37.40,-65.53,21.60,102.15,1635.48,393.46,-213.19,0.01
21811733,1,43.82,37.50,-65.93,21.60,102.15,1635.48,422.80,-154.75,0.11
21872763,1,46.23,38.20,-63.54,21.00,102.15,1632.26,756.59,276.02,0.91
21933794,1,42.88,37.40,-35.90,20.80,102.19,1635.48,443.10,-270.19,-0.03
21994824,1,43.02,36.30,-64.96,21.70,102.15,1635.48,1033.18,272.35,1.11
22055854,1,44.73,37.60,-65.05,21.90,102.15,1635.48,1989.73,798.48,2.49
22116885,1,46.23,38.30,-65.14,22.00,102.14,1635.48,2021.99,517.57,2.15
22177918,1,47.86,38.60,-65.34,21.90,102.14,1637.10,1818.48,356.50,1.79
22238948,1,47.98,39.00,-65.53,21.00,102.14,1635.48,1733.21,261.01,1.60
22299978,1,47.79,39.00,-65.48,21.30,102.14,1635.48,1847.84,187.23,1.59
22361009,1,44.73,37.90,-64.52,22.90,102.14,1635.48,2229.74,171.62,1.85
22422039,1,42.46,37.00,-64.90,22.30,102.15,1635.48,2801.00,497.36,2.69
22483068,1,42.04,36.10,-65.26,21.70,102.14,1635.48,2747.73,487.31,2.64
22544099,1,41.45,35.80,-64.53,23.00,102.14,1633.87,2537.83,489.68,2.49
22605132,1,43.95,36.90,-65.37,22.20,102.14,1635.48,2121.82,377.20,2.04
22666162,1,45.13,37.00,-61.08,21.30,102.03,1625.81,1133.30,396.48,1.34
22727192,1,41.41,35.50,-12.38,21.10,102.17,1622.58,923.87,373.81,1.16
22788223,1,39.57,34.50,-3.70,21.60,102.19,1620.97,846.74,398.14,1.13
22849253,1,37.79,33.80,3.71,23.10,102.20,1620.97,870.59,427.60,1.19
22910283,1,36.05,32.60,6.51,23.70,102.19,1622.58,938.43,471.48,1.30
22971314,1,37.71,32.80,4.85,23.70,102.20,1620.97,884.94,483.50,1.27
23032344,1,35.79,31.70,7.91,24.10,102.20,1620.97,882.53,511.17,1.31
23093377,1,34.84,30.90,10.59,25.00,102.20,1619.35,930.82,529.62,1.37
23154407,1,33.98,30.30,12.54,25.10,102.20,1632.26,1521.37,247.50,1.43
23215438,1,34.79,30.20,-28.10,25.70,102.17,1635.48,2090.91,38.07,1.58
23276468,1,39.48,32.40,-53.93,26.10,102.13,1635.48,2264.12,128.58,1.82
23337498,1,42.32,34.10,-37.32,24.90,102.13,1635.48,2319.13,214.10,1.97
23398529,1,44.04,35.40,-16.99,23.90,102.12,1635.48,2366.74,271.93,2.08
23459559,1,45.16,36.50,-23.24,23.10,102.12,1633.87,2328.93,295.02,2.08
23520592,1,45.82,37.00,-34.19,22.80,102.12,1633.87,2123.55,346.26,2.00
23581623,1,45.25,36.70,-47.54,22.50,102.13,1635.48,2259.78,252.42,1.98
23642653,1,44.50,36.70,-64.87,21.80,102.12,1632.26,1789.68,398.73,1.82
23703684,1,44.21,36.80,-48.21,23.00,102.15,1620.97,988.42,521.50,1.40
23764714,1,38.89,34.30,3.24,22.10,102.19,1622.58,1021.09,535.59,1.44
23825745,1,36.41,32.60,4.57,24.20,102.20,1627.42,1209.02,456.04,1.47
23886775,1,36.59,32.40,-11.68,24.00,102.18,1622.58,1043.91,467.76,1.37
23947809,1,39.02,33.20,-1.18,24.60,102.19,1617.74,776.39,472.12,1.18
24008839,1,36.16,31.70,11.44,23.90,102.20,1616.13,734.95,476.99,1.15
24069870,1,33.84,30.40,15.93,24.40,102.20,1614.52,734.76,494.44,1.18
24130900,1,32.25,29.00,19.30,25.70,102.20,1614.52,750.82,498.64,1.19
24191931,1,31.37,28.00,19.62,26.30,102.20,1614.52,756.15,505.38,1.21
24252962,1,31.18,27.70,20.36,26.70,102.20,1616.13,778.70,518.70,1.24
24313992,1,30.59,27.30,21.31,27.40,102.20,1617.74,863.01,532.11,1.32
24375024,1,30.77,27.00,19.94,28.70,102.20,1619.35,845.44,534.60,1.31
24436055,1,30.46,26.70,19.83,27.90,102.20,1619.35,928.35,548.29,1.39
24497085,1,30.95,26.70,18.82,29.30,102.19,1619.35,930.02,563.98,1.41
24558116,1,30.18,26.30,19.70,28.90,102.20,1627.42,1314.25,521.95,1.64
24619147,1,31.29,26.50,-5.35,28.70,102.18,1617.74,939.20,543.69,1.39
24680177,1,30.68,26.00,16.39,28.30,102.19,1630.65,1478.68,413.44,1.62
24741208,1,34.02,27.70,-24.62,29.00,102.17,1632.26,1709.86,206.81,1.52
24802239,1,32.34,27.10,-50.19,27.40,102.14,1635.48,2040.04,52.81,1.56
24863267,1,37.36,29.80,-61.85,26.40,102.12,1635.48,2140.66,75.74,1.66
24924297,1,40.34,31.70,-62.56,25.60,102.12,1635.48,2131.82,55.49,1.63
24985328,1,41.02,32.60,-63.47,24.50,102.12,1635.48,2114.90,32.05,1.59
25046358,1,42.96,33.90,-63.60,25.50,102.12,1635.48,1901.80,143.53,1.58
25107388,1,40.11,33.10,-58.74,22.80,102.14,1630.65,1521.57,393.39,1.62
25168418,1,37.25,31.60,-33.97,23.30,102.17,1635.48,2177.63,69.60,1.68
25229448,1,39.13,32.50,-62.41,23.50,102.13,1635.48,2412.48,97.83,1.89
25290481,1,41.59,33.40,-64.93,23.60,102.11,1635.48,2477.96,165.85,2.03
25351512,1,44.30,34.70,-65.86,24.20,102.11,1635.48,2509.45,206.85,2.10
25412542,1,45.84,36.10,-66.34,23.40,102.11,1635.48,2418.92,287.01,2.14
25473573,1,45.46,36.20,-65.18,22.80,102.11,1620.97,813.43,395.50,1.11
25534603,1,40.05,34.30,3.50,22.40,102.19,1620.97,762.31,378.73,1.05
25595634,1,37.38,33.00,6.78,23.30,102.19,1622.58,791.10,382.39,1.07
25656665,1,35.36,31.60,6.30,23.30,102.19,1620.97,796.04,392.19,1.09
25717698,1,34.38,30.70,8.23,24.40,102.19,1635.48,2521.49,388.45,2.35
25778728,1,34.77,30.50,-63.05,25.40,102.11,1619.35,837.08,411.20,1.14
25839758,1,33.77,29.30,8.91,26.00,102.19,1624.19,1036.62,500.32,1.41
25900789,1,32.79,28.50,4.79,25.50,102.18,1620.97,934.38,485.06,1.31
25961820,1,32.88,28.40,10.41,27.40,102.19,1635.48,1618.27,319.49,1.58
26022850,1,34.50,29.10,-58.83,26.10,102.12,1635.48,1246.76,129.69,1.08
26083880,1,38.84,31.00,-62.49,25.60,102.11,1635.48,1076.11,58.09,0.86
26144914,1,41.77,32.80,-64.15,25.80,102.10,1633.87,980.00,38.46,0.77
26205944,1,44.09,34.30,-64.43,24.80,102.10,1635.48,898.81,-9.07,0.64
26266974,1,44.07,35.40,-64.84,23.20,102.10,1635.48,917.92,3.92,0.68
26328005,1,45.20,36.30,-65.29,23.30,102.09,1633.87,907.23,-14.59,0.64
26389035,1,45.39,36.20,-65.76,22.70,102.10,1637.10,1002.48,17.23,0.75
26450064,1,45.61,37.20,-66.01,22.80,102.10,1633.87,1188.13,89.49,0.98
26511095,1,47.20,37.80,-66.06,23.30,102.09,1633.87,1293.49,110.30,1.09
26572127,1,47.29,38.50,-66.12,22.00,102.09,1635.48,1507.22,163.61,1.31
26633158,1,47.63,39.10,-66.07,21.80,102.09,1635.48,1651.06,190.79,1.45
26694188,1,46.20,38.50,-66.28,21.30,102.09,1632.26,1320.18,366.24,1.55
26755219,1,47.57,39.00,-42.89,20.90,102.14,1619.35,713.95,370.16,1.00
26816249,1,42.55,36.70,5.67,21.10,102.19,1617.74,733.85,364.81,1.01
26877279,1,38.43,34.60,5.44,21.70,102.18,1635.48,2095.71,228.73,1.83
26938310,1,38.30,33.90,-66.05,23.20,102.10,1633.87,1853.58,310.57,1.76
26999340,1,41.91,35.10,-60.50,22.90,102.11,1619.35,824.51,426.38,1.15
27060372,1,37.98,33.30,6.35,23.10,102.18,1620.97,846.87,443.92,1.19
27121402,1,35.59,32.20,6.82,24.20,102.18,1620.97,915.97,455.22,1.26
27182433,1,34.38,30.70,6.85,24.50,102.18,1622.58,832.42,418.24,1.15
27243463,1,34.45,30.20,8.75,25.30,102.18,1622.58,810.85,408.73,1.12
27304494,1,33.43,29.70,9.64,25.80,102.18,1625.81,1002.88,398.71,1.25
27365524,1,32.52,29.10,-0.15,26.40,102.17,1624.19,967.19,402.97,1.23
27426554,1,33.13,29.10,3.72,26.60,102.17,1619.35,738.95,431.85,1.10
27487587,1,32.59,28.60,15.98,26.80,102.18,1622.58,925.46,448.51,1.26
27548617,1,32.07,28.20,10.08,26.90,102.18,1619.35,861.78,458.04,1.22
27609647,1,33.59,28.90,14.52,27.30,102.18,1630.65,1584.65,222.26,1.45
27670678,1,36.09,30.10,-33.31,26.60,102.13,1619.35,882.35,481.12,1.27
27731708,1,35.38,29.60,11.19,25.50,102.18,1632.26,2047.65,231.69,1.80
27792738,1,36.25,29.90,-53.04,25.50,102.11,1622.58,1059.28,476.54,1.39
27853769,1,36.46,30.40,2.01,25.30,102.17,1624.19,1028.46,483.71,1.38
27914802,1,34.88,29.80,6.54,25.50,102.17,1624.19,1193.62,498.92,1.52
27975832,1,35.48,29.80,0.95,26.60,102.16,1635.48,2701.69,250.10,2.30
28036862,1,38.68,31.70,-62.73,26.00,102.08,1635.48,2793.45,304.50,2.44
28097893,1,40.80,33.30,-63.30,25.70,102.08,1614.52,746.82,513.73,1.21
28158923,1,35.48,31.30,20.12,24.80,102.17,1632.26,2019.65,332.00,1.91
28219953,1,34.84,31.20,-45.56,25.30,102.11,1633.87,2480.09,221.92,2.10
28280984,1,37.75,32.50,-62.12,24.30,102.08,1633.87,2412.79,208.15,2.03
28342016,1,39.75,33.60,-62.72,23.90,102.08,1637.10,2375.38,253.36,2.06
28403047,1,40.96,34.60,-63.77,23.20,102.08,1633.87,2356.11,331.82,2.15
28464077,1,42.61,35.10,-63.74,24.00,102.07,1633.87,2336.66,419.77,2.25
28525107,1,43.29,36.20,-64.13,23.20,102.07,1633.87,2252.48,461.69,2.26
28586138,1,42.95,36.00,-63.58,23.00,102.08,1635.48,2195.75,530.23,2.29
28647168,1,43.23,35.70,-63.26,23.70,102.08,1635.48,2174.76,550.27,2.30
28708199,1,44.55,36.20,-63.55,22.60,102.08,1635.48,2124.40,530.82,2.24
28769229,1,45.41,37.20,-63.60,22.30,102.08,1633.87,2071.43,443.68,2.09
28830262,1,45.20,37.20,-63.50,22.70,102.07,1635.48,2009.49,353.03,1.93
28891292,1,42.52,36.70,-63.66,22.40,102.07,1633.87,2060.73,381.74,2.00
28952323,1,43.91,37.00,-63.46,23.50,102.07,1635.48,2113.15,409.65,2.07
29013353,1,44.20,37.20,-64.40,21.70,102.08,1635.48,2140.87,438.44,2.13
29074384,1,44.98,37.30,-64.06,21.80,102.07,1633.87,2124.82,441.22,2.12
29135414,1,45.41,37.70,-64.01,22.00,102.07,1633.87,2063.52,443.51,2.08
29196444,1,45.11,37.30,-63.63,21.90,102.07,1612.90,683.02,450.00,1.08
29257476,1,41.80,35.40,15.10,21.30,102.17,1612.90,661.11,438.97,1.05
29318507,1,37.68,33.50,17.54,22.00,102.17,1612.90,640.55,430.87,1.03
29379537,1,34.68,32.00,19.38,22.80,102.17,1612.90,653.90,432.00,1.04
29440567,1,33.46,30.80,20.01,23.90,102.17,1614.52,710.12,460.61,1.12
29501597,1,32.43,30.00,19.93,23.80,102.16,1616.13,749.83,486.88,1.18
29562628,1,31.96,29.40,19.37,25.40,102.16,1617.74,817.53,525.83,1.28
29623658,1,30.84,28.20,20.26,25.90,102.16,1629.03,1202.85,521.91,1.55
29684698,1,32.63,28.70,1.95,26.80,102.13,1632.26,1414.61,527.34,1.72
29745730,1,33.18,28.40,-1.43,26.30,102.11,1630.65,1327.16,523.97,1.65
29806762,1,33.93,28.50,4.41,26.40,102.12,1620.97,948.53,548.72,1.40
29867795,1,33.89,28.40,13.57,26.30,102.16,1633.87,1689.64,322.26,1.65
29928828,1,36.18,30.40,-2.08,25.80,102.06,1633.87,1602.55,326.89,1.59
29989860,1,38.71,31.60,-1.30,25.00,102.07,1635.48,1649.27,245.05,1.52
30050892,1,39.43,33.20,-0.39,26.80,102.05,1635.48,1605.08,225.61,1.46
30111927,1,40.46,34.00,-0.78,23.90,102.05,1635.48,1547.50,182.60,1.37
30172959,1,41.52,35.00,-0.67,23.70,102.06,1633.87,1510.55,160.10,1.31
30233991,1,42.02,35.50,0.82,23.20,102.06,1635.48,1510.95,198.05,1.36
30295024,1,42.21,36.40,2.15,23.10,102.07,1633.87,1520.74,267.94,1.46
30356056,1,42.04,36.10,3.51,23.10,102.07,1635.48,1544.44,380.52,1.62
30417088,1,43.09,36.40,3.48,22.80,102.07,1633.87,1567.27,461.19,1.74
30478121,1,43.43,36.80,2.53,22.90,102.07,1635.48,1599.22,556.66,1.89
30539153,1,44.43,37.40,2.25,22.30,102.07,1635.48,1574.01,595.46,1.92
30600188,1,45.27,37.90,3.61,22.50,102.06,1633.87,1585.87,599.45,1.94
30661220,1,44.48,38.20,3.82,22.00,102.07,1635.48,1648.49,575.78,1.95
30722252,1,44.38,38.50,3.27,21.60,102.06,1635.48,1631.64,500.15,1.84
30783284,1,44.07,38.40,1.80,21.50,102.06,1633.87,1569.48,467.43,1.75
30844317,1,44.05,38.40,0.88,21.90,102.07,1627.42,1065.54,449.75,1.36
30905349,1,43.73,37.70,5.44,21.70,102.13,1622.58,836.16,458.71,1.21
30966381,1,43.66,36.50,6.74,22.60,102.15,1632.26,1299.89,296.76,1.33
31027416,1,41.91,36.90,-1.15,22.40,102.10,1624.19,881.67,452.28,1.23
31088448,1,37.91,35.00,5.91,21.50,102.14,1622.58,804.21,423.50,1.14
31149481,1,35.57,33.40,8.06,22.30,102.15,1620.97,750.57,416.78,1.09
31210513,1,35.14,32.30,10.91,23.70,102.15,1620.97,762.32,415.63,1.10
31271546,1,34.61,31.60,11.61,23.30,102.15,1619.35,725.28,411.22,1.06
31332578,1,34.05,31.00,12.67,24.30,102.15,1620.97,761.98,437.43,1.12
31393610,1,33.91,30.60,11.82,24.30,102.15,1630.65,1040.92,622.07,1.57
31454645,1,37.48,32.80,6.32,24.70,102.11,1616.13,642.84,416.77,1.01
31515678,1,35.61,30.90,16.96,24.30,102.16,1614.52,613.70,404.61,0.97
31576711,1,33.95,29.50,19.60,25.60,102.16,1614.52,601.88,401.18,0.96
31637743,1,32.46,28.80,20.58,26.00,102.16,1617.74,642.80,422.62,1.02
31698775,1,31.45,28.00,18.32,26.90,102.16,1616.13,632.14,416.54,1.00
31759807,1,30.61,27.50,22.81,27.80,102.16,1630.65,972.76,437.73,1.28
31820840,1,31.62,27.80,-32.76,28.50,102.10,1633.87,1280.55,468.90,1.54
31881874,1,35.48,30.60,-57.92,28.80,102.06,1624.19,863.60,491.64,1.27
31942907,1,36.30,30.80,-0.59,26.20,102.13,1633.87,1338.48,475.55,1.59
32003939,1,36.63,30.80,-58.59,27.10,102.07,1632.26,1211.20,476.02,1.50
32064971,1,37.96,31.40,-53.10,25.40,102.07,1633.87,1288.77,544.04,1.65
32126004,1,38.95,32.80,-59.05,25.10,102.03,1633.87,1207.49,550.34,1.60
32187036,1,40.29,33.80,-58.72,24.90,102.01,1632.26,1190.89,567.06,1.60
32248068,1,40.64,34.50,-59.05,24.10,102.03,1632.26,1227.92,605.55,1.68
32309101,1,40.91,35.10,-59.10,23.70,102.05,1633.87,1246.56,624.18,1.72
32370136,1,41.93,35.60,-58.53,23.60,102.05,1632.26,1232.02,593.47,1.67
32431168,1,41.52,35.70,-57.36,23.30,102.06,1632.26,1253.66,573.93,1.66
32492200,1,40.70,35.50,-56.89,22.80,102.10,1632.26,1308.16,570.49,1.69
32553233,1,40.64,35.10,-57.55,22.70,102.13,1633.87,1334.96,557.62,1.70
32614265,1,41.11,35.30,-57.37,22.80,102.14,1633.87,1329.85,482.92,1.60
32675298,1,41.09,35.50,-57.93,22.70,102.14,1633.87,1312.91,385.32,1.46
32736331,1,41.38,35.80,-58.36,22.30,102.14,1633.87,1287.59,327.99,1.37
32797366,1,41.46,35.60,-58.10,22.50,102.15,1632.26,1251.83,302.30,1.31
32858398,1,42.68,36.00,-57.42,23.30,102.14,1632.26,1127.01,346.79,1.27
32919430,1,42.14,36.30,-49.48,22.00,102.14,1630.65,1090.26,362.03,1.27
32980462,1,41.64,36.20,-48.39,22.40,102.14,1632.26,1086.59,374.80,1.28
33041495,1,41.20,36.10,-49.98,21.70,102.14,1633.87,1080.50,399.60,1.31
33102527,1,40.57,36.00,-50.82,22.80,102.14,1632.26,1134.79,457.04,1.42
33163559,1,41.02,36.00,-56.47,22.90,102.14,1632.26,1066.46,449.18,1.36
33224594,1,40.18,35.30,-54.91,22.70,102.14,1632.26,1031.06,463.27,1.35
33285626,1,40.20,35.50,-51.31,23.90,102.13,1632.26,981.36,433.31,1.28
33346659,1,40.41,35.40,-55.54,22.10,102.13,1630.65,895.95,435.78,1.22
33407691,1,42.00,36.10,-46.56,22.20,102.13,1632.26,853.97,423.71,1.17
33468723,1,42.14,36.20,-50.74,22.60,102.13,1630.65,765.58,405.03,1.08
33529756,1,41.21,36.00,-46.19,22.90,102.13,1632.26,733.02,417.93,1.08
33590788,1,41.50,36.20,-49.92,23.00,102.13,1632.26,688.44,403.27,1.03
33651823,1,41.39,35.80,-46.11,23.00,102.13,1632.26,661.88,387.74,0.99
33712855,1,41.39,35.70,-47.02,22.80,102.13,1632.26,649.38,372.95,0.96
33773887,1,41.54,36.10,-51.67,22.40,102.13,1632.26,644.18,359.73,0.94
33834920,1,41.64,36.20,-55.05,22.30,102.12,1632.26,629.66,336.67,0.90
33895952,1,42.41,36.80,-48.78,22.70,102.12,1625.81,662.04,375.96,0.97
33956985,1,39.77,34.50,-11.02,22.70,102.13,1635.48,652.08,307.30,0.87
34018018,1,39.82,34.70,-57.79,23.20,102.12,1627.42,677.21,350.46,0.95
34079053,1,40.52,34.80,-33.16,23.20,102.12,1629.03,655.06,345.38,0.93
34140085,1,38.68,33.80,-22.68,24.80,102.12,1627.42,612.73,343.44,0.89
34201117,1,36.73,33.00,-15.96,24.50,102.12,1622.58,552.67,306.98,0.80
34262150,1,36.00,32.10,5.72,23.70,102.13,1622.58,530.68,318.39,0.80
34323182,1,34.50,31.20,2.48,25.10,102.13,1625.81,521.81,353.11,0.84
34384215,1,34.00,30.70,-6.37,25.00,102.12,1629.03,503.33,377.96,0.86
34445247,1,34.73,31.00,-22.50,25.60,102.13,1630.65,543.01,448.31,0.98
34506279,1,36.30,31.70,-27.37,25.40,102.13,1625.81,547.27,392.82,0.91
34567314,1,36.61,32.00,-2.57,24.90,102.13,1616.13,540.13,326.47,0.82
34628347,1,36.09,31.20,15.24,24.90,102.13,1630.65,604.31,515.45,1.11
34689379,1,34.43,30.60,-17.46,26.40,102.12,1617.74,551.72,333.97,0.84
34750411,1,34.25,29.80,16.19,25.80,102.12,1614.52,534.64,323.18,0.81
34811444,1,32.23,28.50,19.76,26.50,102.12,1612.90,523.59,316.19,0.79
34872477,1,30.82,27.50,23.32,28.30,102.12,1612.90,515.49,318.61,0.79
34933509,1,30.45,26.80,25.14,28.50,102.12,1611.29,502.04,320.10,0.78
34994544,1,29.93,26.30,25.94,28.50,102.12,1609.68,475.29,306.45,0.74
35055576,1,28.46,25.80,28.17,30.40,102.12,1611.29,466.98,304.90,0.74
35116608,1,27.66,25.10,30.18,31.60,102.12,1611.29,477.25,312.27,0.75
35177641,1,27.59,24.80,30.14,31.70,102.12,1611.29,478.63,312.80,0.75
35238673,1,27.45,24.40,29.95,31.40,102.12,1611.29,473.07,309.70,0.75
35299706,1,26.95,24.10,30.17,31.40,102.12,1614.52,442.26,274.33,0.68
35360738,1,27.14,23.90,29.89,31.60,102.12,1609.68,467.70,307.95,0.74
35421772,1,26.96,23.80,30.93,32.30,102.12,1609.68,475.83,321.36,0.76
35482804,1,26.45,23.50,32.58,33.80,102.12,1614.52,447.99,286.22,0.70
35543837,1,26.32,23.20,31.55,33.60,102.12,1611.29,465.05,298.88,0.73
35604869,1,26.64,23.10,31.52,33.00,102.12,1612.90,476.67,306.55,0.75
35665901,1,26.87,23.10,30.91,33.40,102.11,1622.58,376.51,193.75,0.53
35726934,1,27.68,24.30,27.11,33.00,102.11,1617.74,445.52,265.83,0.67
35787966,1,28.62,24.50,29.31,34.00,102.12,1611.29,476.41,311.65,0.75
35849001,1,28.50,24.10,29.81,31.90,102.12,1609.68,444.95,277.24,0.68
35910034,1,27.73,23.70,31.95,35.90,102.12,1609.68,461.94,308.95,0.74
35971072,1,27.43,23.30,32.78,33.80,102.12,1608.06,459.49,307.64,0.73
36032104,1,26.80,23.10,33.31,33.80,102.12,1609.68,460.28,312.47,0.74
36093137,1,26.84,22.90,33.61,34.10,102.11,1609.68,462.24,319.09,0.75
36154169,1,26.61,22.70,34.01,33.80,102.12,1608.06,460.77,314.96,0.74
36215202,1,26.36,22.50,35.92,36.20,102.12,1608.06,452.83,301.90,0.72
36276234,1,26.39,22.40,36.50,36.40,102.12,1608.06,425.42,271.71,0.66
36337269,1,26.07,22.30,34.44,34.10,102.11,1611.29,345.69,164.32,0.47
36398301,1,26.00,22.10,32.34,34.60,102.12,1612.90,344.16,167.59,0.47
36459333,1,26.25,22.10,33.83,37.20,102.11,1617.74,359.29,190.08,0.51
36520366,1,26.70,22.40,34.81,37.90,102.12,1617.74,349.57,176.17,0.48
36581398,1,26.12,22.60,36.15,39.00,102.11,1611.29,332.35,158.94,0.45
36642430,1,26.09,22.50,35.40,34.90,102.11,1611.29,332.70,157.30,0.45
36703463,1,26.50,22.40,35.02,35.40,102.11,1614.52,347.17,170.97,0.48
36764498,1,26.57,22.70,35.82,35.80,102.11,1614.52,346.54,170.72,0.47
36825530,1,26.16,22.90,36.50,38.10,102.11,1617.74,351.16,173.79,0.48
36886563,1,26.14,23.00,34.57,33.50,102.11,1616.13,351.31,170.62,0.48
36947595,1,26.37,23.00,35.41,35.80,102.11,1608.06,329.56,145.40,0.43
37008627,1,26.43,22.80,34.14,33.80,102.11,1609.68,329.03,144.33,0.43
37069659,1,26.25,22.60,34.29,34.60,102.11,1604.84,391.40,226.32,0.58
37130692,1,25.95,22.30,37.98,38.80,102.11,1611.29,316.29,138.63,0.41
37191726,1,25.54,22.10,35.63,35.00,102.11,1616.13,302.06,144.21,0.41
37252759,1,25.54,22.20,34.93,35.30,102.11,1612.90,314.75,147.55,0.42
37313791,1,25.55,22.30,34.61,34.00,102.11,1606.45,324.10,151.74,0.43
37374824,1,25.64,22.20,34.62,33.80,102.11,1606.45,312.15,135.70,0.40
37435856,1,25.82,22.10,34.82,35.00,102.11,1609.68,300.64,127.16,0.38
37496888,1,25.55,22.10,36.86,37.80,102.11,1611.29,302.22,131.42,0.39
37557920,1,25.21,22.10,38.08,37.20,102.11,1616.13,300.46,116.47,0.37
37618953,1,25.07,22.10,38.16,37.00,102.11,1619.35,321.46,107.01,0.37
37679987,1,25.21,22.20,38.62,39.50,102.11,1622.58,354.86,100.61,0.39
37741020,1,25.73,22.40,36.79,35.20,102.11,1624.19,379.18,82.56,0.38
37802052,1,26.21,22.60,37.19,37.10,102.10,1622.58,403.58,125.43,0.46
37863084,1,27.32,23.10,35.18,36.20,102.10,1620.97,367.78,116.59,0.42
37924117,1,27.98,23.40,33.52,34.40,102.11,1619.35,335.13,115.98,0.40
37985149,1,27.75,23.20,31.20,31.70,102.10,1612.90,323.66,144.95,0.42
38046181,1,26.75,23.00,32.62,32.80,102.10,1616.13,296.07,106.96,0.35
38107216,1,25.93,22.70,32.53,32.60,102.10,1606.45,387.06,241.49,0.60
38168248,1,26.09,22.50,36.70,34.90,102.10,1609.68,320.82,140.99,0.42
38229281,1,25.84,22.70,34.22,33.60,102.10,1608.06,306.77,128.00,0.39
38290313,1,25.87,22.80,36.10,36.70,102.10,1606.45,317.10,141.60,0.42
38351346,1,26.07,22.60,38.02,37.00,102.10,1604.84,316.10,138.60,0.41
38412378,1,26.04,22.40,35.93,34.80,102.10,1604.84,308.71,123.86,0.39
38473411,1,26.14,22.20,35.28,36.00,102.10,1606.45,301.73,110.05,0.36
38534446,1,26.32,22.10,34.87,36.10,102.10,1608.06,291.78,93.84,0.33
38595478,1,26.57,22.00,34.70,37.80,102.10,1609.68,278.12,69.56,0.29
38656510,1,25.59,22.00,33.10,34.20,102.10,1609.68,264.04,56.37,0.27
38717542,1,25.73,22.00,34.74,37.50,102.09,1608.06,247.24,42.13,0.24
38778574,1,26.16,22.00,34.00,36.00,102.09,1609.68,223.80,25.60,0.20
38839607,1,26.45,22.00,32.26,35.40,102.09,1608.06,202.24,12.50,0.16
38900639,1,26.48,22.10,31.86,34.90,102.09,1608.06,180.02,-2.08,0.13
38961672,1,26.54,22.10,32.32,36.10,102.09,1606.45,183.10,22.17,0.16
39022706,1,26.55,22.20,33.55,36.60,102.09,1606.45,192.70,52.14,0.21
39083739,1,26.21,22.10,35.65,37.80,102.09,1603.23,198.68,81.44,0.25
39144771,1,25.75,22.00,36.81,35.90,102.09,1601.61,175.31,70.69,0.22
39205804,1,25.80,21.90,37.90,37.50,102.09,1600.00,155.61,59.20,0.19
39266836,1,25.43,21.80,38.41,38.00,102.09,1600.00,144.17,51.67,0.17
39327869,1,25.61,21.70,38.88,37.70,102.09,1601.61,114.49,18.31,0.11
39388901,1,25.55,21.70,37.68,37.10,102.10,1600.00,127.68,45.35,0.15
39449936,1,25.50,21.60,38.43,37.90,102.10,1598.39,127.55,47.37,0.15
39510968,1,25.45,21.60,38.49,37.60,102.09,1598.39,129.55,48.37,0.16
39572001,1,25.43,21.50,39.31,39.20,102.09,1598.39,133.11,48.47,0.16
39633033,1,25.54,21.50,39.43,39.10,102.09,1600.00,137.10,44.63,0.16
39694065,1,25.34,21.40,39.78,40.20,102.09,1600.00,148.36,57.02,0.18
39755097,1,24.87,21.50,40.67,39.50,102.09,1600.00,158.59,64.38,0.20
39816129,1,25.04,21.40,41.28,41.10,102.09,1600.00,168.61,70.57,0.21
39877162,1,25.20,21.40,40.29,39.40,102.09,1601.61,178.21,72.05,0.22
39938196,1,25.39,21.40,39.71,39.60,102.09,1606.45,185.71,41.23,0.19
39999229,1,25.30,21.50,38.69,38.80,102.09,1606.45,174.94,31.96,0.17
40060261,1,25.59,21.60,38.17,38.40,102.09,1603.23,183.74,67.12,0.22
40121293,1,25.59,21.60,37.99,38.20,102.09,1603.23,188.89,77.72,0.24
40182324,1,25.45,21.50,39.22,40.00,102.09,1601.61,195.89,81.72,0.25
40243357,1,25.45,21.40,39.09,39.60,102.09,1601.61,194.90,78.13,0.24
40304389,1,25.34,21.40,37.69,36.70,102.09,1603.23,198.23,78.87,0.25
40365424,1,25.45,21.40,37.48,38.10,102.09,1603.23,201.68,80.18,0.25
40426456,1,25.52,21.40,37.82,38.40,102.09,1603.23,201.36,77.85,0.25
40487488,1,25.50,21.40,37.04,37.80,102.09,1603.23,199.71,74.78,0.24
40548521,1,25.48,21.40,37.31,38.60,102.09,1603.23,192.28,66.66,0.23
40609553,1,25.48,21.40,36.99,38.00,102.09,1604.84,138.10,-5.29,0.09
40670584,1,25.36,21.40,36.61,38.50,102.09,1606.45,175.61,44.34,0.19
40731617,1,25.12,21.50,37.27,37.90,102.09,1604.84,187.57,57.59,0.21
40792652,1,25.32,21.40,37.93,39.10,102.09,1606.45,155.07,15.37,0.13
40853684,1,25.46,21.40,36.58,38.50,102.09,1604.84,169.09,37.62,0.17
40914716,1,25.07,21.40,37.22,38.50,102.08,1604.84,175.59,49.15,0.19
40975749,1,25.12,21.40,37.79,38.50,102.09,1603.23,186.87,64.73,0.22
41036781,1,25.27,21.40,37.46,37.70,102.09,1603.23,187.20,63.47,0.22
41097813,1,24.86,21.40,38.22,38.70,102.08,1603.23,193.74,72.38,0.24
41158846,1,24.71,21.30,38.69,38.90,102.09,1601.61,187.10,69.52,0.23
millis,arduinoId,temp,temp_dht22,humidity,humidity_dht22,pressure,illuminance,uva,uvb,uvIndex
16726,1,19.45,19.50,72.18,54.50,76.15,1603.23,274.80,123.53,0.36
80177,1,19.46,19.40,69.05,55.60,102.05,1598.39,259.15,145.80,0.38
163981,1,18.52,18.80,71.69,57.80,102.06,1598.39,260.03,146.23,0.38
253255,1,18.16,17.90,73.12,58.80,102.06,1600.00,262.45,153.94,0.39
324391,1,18.32,17.10,75.04,63.30,102.06,1598.39,261.45,150.94,0.39
395457,1,18.52,16.60,75.15,64.90,102.05,1598.39,269.90,156.25,0.40
466512,1,18.52,16.30,73.38,64.10,102.06,1600.00,282.50,161.73,0.42
537568,1,18.54,16.00,73.06,65.80,102.06,1601.61,297.13,164.81,0.43
608623,1,18.70,15.80,71.62,66.00,102.06,1604.84,301.90,154.65,0.42
679679,1,18.87,15.70,70.15,66.10,102.06,1604.84,304.52,152.32,0.42
750734,1,19.11,15.60,68.83,66.60,102.06,1604.84,307.79,151.06,0.42
821790,1,19.34,15.60,67.87,67.10,102.07,1606.45,312.16,150.18,0.42
892845,1,19.66,15.60,67.33,67.50,102.07,1608.06,313.97,149.20,0.42
963901,1,19.96,15.70,66.72,68.40,102.07,1606.45,316.67,147.06,0.42
1034957,1,20.11,15.70,67.02,70.10,102.07,1608.06,324.16,148.75,0.43
1106012,1,20.20,15.80,65.01,68.00,102.07,1608.06,318.99,138.96,0.41
1177067,1,20.21,15.90,64.13,67.60,102.07,1609.68,324.00,141.37,0.42
1248123,1,20.29,16.00,64.18,68.00,102.07,1608.06,325.23,141.73,0.42
1319179,1,20.36,16.10,63.82,67.30,102.07,1608.06,329.45,148.68,0.43
1390236,1,20.43,16.10,63.58,67.10,102.07,1608.06,329.01,146.78,0.43
1461291,1,20.46,16.20,63.27,66.90,102.07,1609.68,333.46,151.09,0.44
1532347,1,20.66,16.30,62.90,66.90,102.07,1609.68,337.79,155.83,0.45
1603403,1,20.77,16.30,62.40,66.10,102.06,1609.68,338.47,153.50,0.45
1674458,1,20.48,16.40,62.29,65.70,102.06,1609.68,343.57,156.88,0.45
1745514,1,20.43,16.50,63.30,66.10,102.06,1609.68,345.25,157.55,0.46
1816570,1,20.82,16.50,63.81,67.90,102.07,1609.68,349.82,158.43,0.46
1887626,1,21.04,16.60,62.60,66.20,102.07,1608.06,348.03,157.60,0.46
1958681,1,20.98,16.60,61.99,66.00,102.07,1608.06,350.56,163.10,0.47
2029736,1,21.07,16.70,62.62,66.30,102.07,1608.06,355.97,170.03,0.48
2100792,1,21.12,16.70,62.13,65.50,102.07,1608.06,358.82,178.86,0.49
2171847,1,21.04,16.80,63.51,66.80,102.07,1608.06,358.43,184.55,0.50
2242902,1,20.95,16.80,63.03,65.00,102.07,1606.45,357.14,189.62,0.51
2313958,1,20.59,16.70,64.52,65.60,102.07,1604.84,360.97,202.26,0.53
2385013,1,20.70,16.70,65.98,67.20,102.08,1604.84,369.03,214.26,0.55
2456069,1,20.54,16.70,66.38,66.30,102.07,1604.84,378.31,223.21,0.57
2527124,1,20.79,16.50,66.91,66.60,102.07,1604.84,381.82,232.52,0.58
2598180,1,20.86,16.40,67.35,67.60,102.08,1603.23,374.77,236.73,0.58
2669236,1,20.41,16.30,68.71,68.50,102.07,1600.00,366.15,238.06,0.58
2740291,1,20.29,16.20,68.75,66.90,102.07,1600.00,357.00,235.89,0.57
2811347,1,20.25,16.20,70.42,68.60,102.07,1598.39,347.64,232.55,0.56
2882403,1,20.23,16.00,71.10,69.10,102.07,1598.39,273.48,135.53,0.38
2953459,1,20.36,16.00,69.90,69.00,102.08,1598.39,272.29,145.98,0.39
3024514,1,20.14,16.00,69.31,67.10,102.07,1595.16,309.66,200.22,0.49
3095570,1,19.70,16.00,71.18,67.80,102.07,1596.77,302.21,181.85,0.46
3166627,1,19.32,16.00,71.42,67.90,102.07,1598.39,299.13,162.60,0.43
3237682,1,19.37,16.00,72.72,69.60,102.07,1604.84,327.70,164.57,0.45
3308738,1,19.59,16.00,73.19,69.90,102.07,1608.06,267.70,46.42,0.26
3379794,1,19.95,16.10,72.60,70.70,102.07,1598.39,351.65,221.64,0.54
3450851,1,20.11,16.00,74.23,71.60,102.07,1596.77,363.89,247.84,0.59
3521906,1,20.21,16.00,73.13,70.30,102.07,1598.39,357.75,228.02,0.56
3592962,1,20.32,16.00,73.87,72.50,102.07,1598.39,364.63,236.08,0.57
3664018,1,20.00,16.00,72.13,68.40,102.08,1606.45,347.61,167.43,0.47
3735073,1,19.87,16.00,71.60,67.70,102.08,1608.06,302.65,101.06,0.35
3806129,1,20.29,16.10,70.58,68.70,102.08,1603.23,313.76,150.88,0.42
3877185,1,20.16,16.20,69.46,66.20,102.08,1598.39,305.95,165.40,0.44
3948240,1,19.75,16.30,70.01,66.70,102.08,1598.39,304.15,165.16,0.44
4019296,1,19.52,16.40,70.81,65.90,102.08,1598.39,306.03,170.59,0.44
4090352,1,19.46,16.50,71.65,65.60,102.08,1595.16,353.57,239.25,0.57
4161409,1,19.70,16.50,73.23,66.60,102.08,1598.39,331.46,203.40,0.51
4232464,1,19.70,16.50,72.27,66.10,102.08,1593.55,349.74,245.04,0.57
4303520,1,19.71,16.50,73.21,66.10,102.08,1591.94,360.54,265.71,0.61
4374576,1,19.39,16.40,73.95,65.90,102.08,1590.32,350.78,256.22,0.59
4445631,1,19.02,16.40,75.49,66.80,102.08,1593.55,312.29,199.78,0.49
4516687,1,18.64,16.40,74.97,65.50,102.08,1593.55,345.64,241.40,0.57
4587742,1,18.48,16.30,76.28,65.80,102.07,1591.94,335.49,220.17,0.53
4658798,1,18.82,16.40,76.41,67.00,102.07,1595.16,313.93,192.01,0.48
4729854,1,19.41,16.40,76.54,69.50,102.07,1595.16,329.32,211.38,0.51
4800909,1,19.87,16.30,76.60,71.20,102.07,1596.77,316.31,191.54,0.48
4871965,1,20.14,16.40,76.75,72.10,102.07,1596.77,317.96,192.61,0.48
4943021,1,20.12,16.50,74.60,69.10,102.07,1593.55,319.26,195.75,0.49
5014076,1,20.12,16.50,72.33,66.10,102.07,1596.77,321.93,200.01,0.50
5085132,1,20.16,16.60,73.27,67.90,102.07,1596.77,321.38,201.32,0.50
5156188,1,19.91,16.70,73.32,66.20,102.07,1596.77,320.81,200.44,0.49
5227243,1,19.96,16.80,71.76,64.40,102.07,1595.16,331.78,214.47,0.52
5298298,1,19.87,16.90,72.25,64.90,102.07,1596.77,325.06,200.99,0.50
5369354,1,19.84,16.90,71.69,63.80,102.07,1595.16,346.58,221.71,0.54
5440410,1,19.98,17.00,72.41,65.20,102.07,1596.77,351.74,220.66,0.54
5511465,1,20.50,17.00,71.88,66.20,102.07,1598.39,356.13,218.97,0.54
5582521,1,20.45,17.10,70.85,65.70,102.07,1600.00,361.83,221.83,0.55
5653577,1,20.21,17.20,68.93,62.00,102.07,1600.00,365.85,222.02,0.55
5724633,1,20.45,17.40,68.75,62.40,102.08,1600.00,364.77,217.83,0.55
5795699,1,20.91,17.50,68.23,62.70,102.08,1600.00,398.29,262.24,0.63
5866765,1,20.37,17.60,67.81,60.20,102.07,1600.00,372.55,225.88,0.56
5937830,1,21.02,17.70,66.32,60.40,102.07,1601.61,385.36,244.59,0.60
6008896,1,20.86,17.90,66.43,59.80,102.07,1600.00,396.75,262.96,0.63
6079961,1,20.86,17.90,66.19,59.10,102.08,1601.61,396.94,253.51,0.62
6151027,1,20.73,18.00,65.54,58.10,102.07,1603.23,414.29,266.07,0.65
6222103,1,20.54,18.00,64.87,57.40,102.08,1606.45,412.96,252.90,0.63
6293179,1,20.48,18.00,64.96,57.90,102.08,1608.06,421.24,243.25,0.62
6364254,1,20.32,18.00,63.52,56.50,102.08,1609.68,409.03,206.59,0.57
6435330,1,20.77,18.20,61.65,56.70,102.07,1609.68,436.75,234.07,0.62
6506406,1,20.73,18.30,60.67,56.10,102.07,1609.68,454.68,238.29,0.64
6577491,1,21.30,18.50,59.57,56.20,102.07,1609.68,452.37,231.74,0.63
6648596,1,21.21,18.60,59.75,56.80,102.07,1609.68,438.39,221.30,0.61
6719702,1,21.71,18.80,58.85,55.90,102.07,1609.68,434.36,219.70,0.60
6790816,1,21.64,18.90,58.39,54.90,102.07,1609.68,423.58,215.28,0.59
6861932,1,21.21,18.80,58.69,54.20,102.07,1606.45,422.98,232.23,0.61
6933046,1,21.29,18.80,60.04,54.70,102.07,1603.23,441.72,277.76,0.68
7004162,1,21.66,18.80,61.35,55.10,102.07,1604.84,388.77,216.60,0.56
7075276,1,21.34,18.90,59.61,54.00,102.07,1603.23,419.01,265.49,0.65
7146402,1,21.32,18.80,61.43,54.30,102.07,1601.61,400.78,256.87,0.63
7217526,1,21.21,19.00,61.10,53.20,102.07,1601.61,396.29,260.18,0.63
7288652,1,21.68,19.10,61.13,53.80,102.07,1600.00,425.48,297.85,0.70
7359777,1,21.98,19.10,61.80,54.50,102.06,1600.00,386.20,248.95,0.60
7430903,1,22.14,19.30,61.24,54.70,102.07,1601.61,388.41,254.12,0.61
7502028,1,22.05,19.80,60.34,52.30,102.07,1601.61,372.18,232.33,0.57
7573154,1,21.86,19.80,59.28,50.40,102.07,1601.61,367.85,229.59,0.57
7644279,1,22.00,19.70,60.66,52.50,102.07,1600.00,378.18,245.13,0.59
7715404,1,22.04,19.50,58.06,48.70,102.06,1600.00,385.12,259.56,0.62
7786530,1,21.91,19.40,58.80,49.90,102.06,1598.39,374.59,247.43,0.59
7857655,1,21.95,19.40,58.39,50.80,102.06,1601.61,373.01,240.97,0.58
7928781,1,21.87,19.30,58.27,51.30,102.06,1598.39,377.82,249.79,0.60
7999907,1,21.93,19.30,58.44,51.80,102.06,1596.77,385.45,258.67,0.62
8071032,1,21.87,19.30,58.90,51.80,102.06,1596.77,382.69,255.81,0.61
8142159,1,22.25,19.30,57.60,51.10,102.06,1598.39,384.24,258.50,0.62
8213284,1,21.80,19.30,57.37,49.70,102.06,1596.77,385.91,260.76,0.62
8284409,1,21.66,19.30,57.29,49.90,102.06,1598.39,386.36,259.07,0.62
8355535,1,21.86,19.40,59.05,52.40,102.06,1598.39,384.48,256.64,0.61
8426660,1,22.39,19.30,57.49,50.70,102.05,1596.77,389.48,263.64,0.63
8488345,1,22.27,19.40,57.05,50.30,102.06,1598.39,388.93,260.95,0.62
8549393,1,22.09,19.40,56.03,49.30,102.06,1598.39,391.05,261.52,0.62
8610433,1,21.64,19.40,55.76,48.20,102.05,1596.77,390.27,263.47,0.63
8671473,1,21.55,19.40,56.68,48.90,102.05,1596.77,389.05,262.52,0.62
8732513,1,21.50,19.50,57.21,50.10,102.05,1596.77,389.17,260.09,0.62
8793553,1,21.43,19.50,57.32,48.70,102.05,1600.00,390.62,261.40,0.62
8854593,1,21.07,19.40,56.61,48.00,102.05,1598.39,391.62,261.40,0.62
8915635,1,21.14,19.30,56.97,48.80,102.05,1598.39,391.29,261.66,0.62
8976675,1,21.07,19.30,56.66,48.10,102.04,1598.39,394.62,266.40,0.63
9037714,1,21.43,19.30,57.01,49.20,102.05,1598.39,398.96,269.92,0.64
9098754,1,21.70,19.30,57.30,49.70,102.05,1596.77,397.19,265.28,0.63
9159794,1,21.71,19.40,57.35,50.50,102.05,1598.39,396.31,264.85,0.63
9220834,1,21.68,19.50,56.68,49.60,102.05,1598.39,400.76,269.16,0.64
9281874,1,22.07,19.60,56.59,49.80,102.04,1600.00,409.44,273.83,0.65
9342916,1,21.84,19.60,55.81,48.50,102.04,1598.39,405.66,271.78,0.65
9403956,1,21.86,19.80,56.64,49.50,102.04,1598.39,404.78,268.35,0.64
9464995,1,22.29,19.80,56.35,49.60,102.04,1600.00,408.23,271.66,0.65
9526034,1,22.39,19.90,55.52,48.20,102.04,1600.00,409.90,273.92,0.65
9587074,1,22.39,20.00,55.99,50.10,102.04,1598.39,408.56,272.40,0.65
9648114,1,22.62,20.10,55.92,49.10,102.04,1600.00,417.44,281.83,0.67
9709154,1,22.43,20.00,55.08,47.90,102.04,1598.39,412.56,276.40,0.66
9770194,1,21.86,19.90,55.21,47.80,102.03,1600.00,414.56,277.40,0.66
9831236,1,21.89,19.90,55.76,48.10,102.04,1600.00,414.68,277.97,0.66
9892276,1,21.87,19.90,55.65,48.30,102.03,1598.39,413.25,273.85,0.66
9953316,1,22.32,19.90,55.80,48.90,102.04,1598.39,412.92,274.11,0.66
10014356,1,22.11,19.90,54.51,47.40,102.03,1598.39,416.92,277.11,0.66
10075396,1,21.82,19.90,53.87,46.20,102.04,1600.00,417.37,277.42,0.66
10136436,1,21.95,20.00,54.09,46.90,102.03,1600.00,417.16,276.25,0.66
10197475,1,22.07,20.00,53.75,46.30,102.03,1598.39,420.61,277.56,0.67
10258518,1,22.04,20.10,53.33,46.30,102.03,1601.61,415.18,271.44,0.65
10319558,1,21.79,20.10,54.47,47.60,102.02,1600.00,416.75,271.32,0.66
10380597,1,22.07,20.00,54.22,47.00,102.03,1601.61,418.99,273.46,0.66
10441637,1,22.34,20.10,53.73,47.20,102.02,1601.61,416.36,268.58,0.65
10502677,1,22.54,20.20,53.78,48.00,102.02,1603.23,416.52,264.53,0.65
10563717,1,23.04,20.20,54.49,49.70,102.02,1603.23,421.79,262.27,0.65
10624757,1,23.30,20.40,51.78,47.40,102.02,1604.84,430.08,264.20,0.66
10685799,1,23.45,20.60,51.42,47.70,102.02,1604.84,443.16,264.59,0.67
10746839,1,23.05,20.60,48.66,44.30,102.02,1608.06,469.16,275.79,0.70
10807878,1,23.09,20.70,47.83,45.40,102.02,1609.68,502.76,285.47,0.74
10868918,1,23.27,20.80,45.94,45.00,102.02,1611.29,561.41,312.94,0.82
10929957,1,23.66,21.00,43.25,44.60,102.02,1616.13,618.73,318.50,0.86
10990997,1,23.64,21.10,39.07,43.80,102.02,1616.13,658.03,299.07,0.87
11052037,1,24.27,21.40,35.39,44.30,102.01,1617.74,696.35,317.75,0.92
11113077,1,25.54,21.90,34.13,44.50,102.01,1617.74,712.02,320.47,0.94
11174120,1,26.16,22.30,31.19,45.10,102.01,1619.35,770.37,385.78,1.07
11235159,1,26.48,22.80,32.41,42.90,102.00,1620.97,757.57,367.22,1.03
11296199,1,26.75,23.00,30.68,43.10,102.01,1619.35,739.90,345.90,0.99
11357239,1,26.37,23.10,28.47,40.40,102.01,1619.35,750.44,366.50,1.02
11418278,1,26.68,23.10,30.05,41.30,102.00,1617.74,736.59,364.10,1.01
11479318,1,26.86,23.30,29.18,40.00,102.00,1617.74,720.72,376.68,1.01
11540357,1,27.25,23.50,31.90,40.50,102.01,1616.13,676.19,335.49,0.93
11601400,1,27.68,23.70,29.06,39.30,102.01,1616.13,621.13,309.20,0.85
11662439,1,27.36,23.60,31.32,38.60,102.00,1614.52,596.96,285.41,0.81
11723479,1,26.91,23.60,32.42,38.30,102.01,1614.52,545.36,224.44,0.69
11784519,1,26.00,23.20,32.51,38.50,102.01,1612.90,554.99,178.70,0.64
11845559,1,25.93,23.00,26.36,38.80,102.01,1614.52,649.66,76.39,0.57
11906599,1,26.79,23.00,11.58,40.20,102.01,1614.52,582.22,154.07,0.62
11967639,1,27.93,23.10,24.50,41.90,102.01,1612.90,553.23,249.92,0.73
12028681,1,27.62,23.30,32.46,39.30,102.01,1612.90,546.60,257.55,0.73
12089721,1,27.70,23.60,31.80,39.00,102.01,1612.90,557.15,280.21,0.77
12150761,1,27.27,23.70,27.74,38.00,102.01,1614.52,578.99,260.32,0.76
12211801,1,26.16,23.60,30.70,38.10,102.01,1616.13,596.27,271.47,0.79
12272841,1,26.02,23.30,29.59,38.00,102.00,1616.13,612.55,304.39,0.84
12333880,1,25.75,23.40,30.97,37.50,102.01,1614.52,623.67,322.28,0.87
12394920,1,26.29,23.40,29.36,36.80,102.00,1616.13,611.92,317.37,0.86
12455960,1,25.82,23.20,31.26,36.90,102.00,1616.13,604.66,326.84,0.87
12517002,1,26.25,23.30,34.49,40.10,102.01,1612.90,542.52,272.50,0.75
12578042,1,25.79,23.30,32.68,37.20,102.00,1614.52,519.96,253.49,0.71
12639082,1,25.75,23.20,31.01,37.70,102.00,1614.52,509.12,219.73,0.66
12700122,1,25.80,23.10,28.91,38.10,101.99,1611.29,494.58,259.56,0.70
12761161,1,25.98,23.20,37.57,38.60,101.99,1609.68,493.84,284.66,0.73
12822201,1,25.98,23.20,39.85,39.10,102.00,1620.97,552.09,249.39,0.73
12883240,1,26.07,23.30,26.50,39.30,102.00,1622.58,630.88,185.52,0.70
12944283,1,26.87,23.40,25.27,39.70,102.00,1624.19,683.57,100.75,0.63
13005323,1,28.09,23.90,10.29,39.50,101.99,1632.26,966.62,-58.48,0.63
13066363,1,29.80,24.80,-20.41,37.00,101.98,1633.87,1167.60,-207.79,0.58
13127403,1,33.11,26.40,-37.03,34.60,101.97,1632.26,1248.71,-181.97,0.68
13188442,1,35.50,27.70,-39.77,34.30,101.97,1633.87,1303.99,-148.82,0.76
13249482,1,37.55,28.90,-42.98,31.80,101.97,1633.87,1366.95,-102.57,0.87
13310523,1,37.16,29.20,-43.80,29.90,101.96,1633.87,1346.58,-29.50,0.96
13371565,1,37.93,29.00,-36.01,31.60,101.96,1632.26,1423.78,20.03,1.07
13432605,1,39.64,29.90,-40.38,33.20,101.96,1633.87,1514.97,45.38,1.17
13493645,1,40.71,30.50,-48.42,29.10,101.96,1633.87,1579.50,111.99,1.30
13554684,1,40.96,30.80,-48.38,29.50,101.96,1632.26,1644.81,166.91,1.42
13615724,1,41.66,31.80,-49.36,29.00,101.96,1632.26,1649.26,167.65,1.42
13676764,1,40.77,32.10,-49.40,28.60,101.95,1629.03,1697.84,190.94,1.49
13737804,1,41.64,32.60,-51.68,26.50,101.96,1627.42,1723.93,188.80,1.50
13798846,1,40.77,32.80,-52.19,25.80,101.96,1624.19,1734.35,167.14,1.48
13859885,1,40.80,33.10,-52.35,26.20,101.96,1620.97,1699.42,144.46,1.43
13920925,1,40.36,33.70,-51.70,26.20,101.95,1619.35,1776.18,209.32,1.57
13981966,1,41.89,34.60,-52.93,25.20,101.95,1619.35,1876.89,246.48,1.69
14043006,1,42.27,34.90,-54.57,25.20,101.94,1617.74,1869.81,261.50,1.70
14104046,1,42.96,35.80,-55.74,24.50,101.94,1619.35,1781.99,228.87,1.60
14165086,1,43.63,36.00,-55.41,25.50,101.95,1620.97,1622.05,141.67,1.37
14226128,1,43.23,36.50,-56.51,24.10,101.94,1624.19,1562.82,128.30,1.31
14287168,1,42.91,36.50,-56.73,23.60,101.94,1609.68,712.35,515.20,1.19
14348208,1,39.84,34.30,21.16,23.70,101.98,1609.68,704.70,493.33,1.15
14409247,1,36.79,32.80,22.85,24.80,101.98,1609.68,716.59,513.17,1.19
14470287,1,34.16,31.10,25.38,25.70,101.98,1633.87,436.70,-574.79,-0.43
14531327,1,36.88,31.70,-52.45,26.90,101.94,1632.26,284.88,-599.54,-0.57
14592366,1,38.46,32.40,-52.49,26.60,101.94,1633.87,84.17,-636.78,-0.76
14653406,1,38.61,32.90,-54.46,25.30,101.94,1633.87,22.27,-623.17,-0.79
14714448,1,38.89,33.10,-54.77,25.00,101.93,1633.87,26.53,-597.41,-0.75
14775488,1,40.68,33.40,-54.86,26.50,101.93,1635.48,39.91,-545.65,-0.68
14836528,1,42.04,34.30,-56.12,25.40,101.93,1633.87,60.82,-478.76,-0.58
14897567,1,42.55,34.70,-56.44,25.10,101.93,1633.87,72.95,-419.92,-0.49
14958606,1,41.20,34.50,-55.87,25.60,101.92,1633.87,140.48,-342.19,-0.34
15019646,1,41.38,34.60,-55.11,25.40,101.92,1635.48,214.68,-269.06,-0.19
15080686,1,39.57,34.00,-56.49,24.10,101.91,1635.48,282.85,-170.44,-0.01
15141728,1,40.27,34.20,-56.98,24.80,101.90,1633.87,356.74,-121.40,0.10
15202768,1,41.98,34.90,-57.71,24.80,101.91,1635.48,436.45,-101.56,0.19
15263808,1,42.46,35.50,-58.43,24.40,101.91,1635.48,420.56,-117.77,0.15
15324847,1,40.80,35.00,-58.42,23.90,101.91,1633.87,319.82,-160.10,0.03
15385887,1,41.36,34.60,-57.97,24.00,101.91,1633.87,306.57,-153.65,0.02
15446927,1,41.63,34.70,-57.40,25.10,101.90,1633.87,428.69,-76.05,0.21
15507967,1,44.23,36.00,-57.87,24.50,101.90,1635.48,782.64,120.18,0.73
15569010,1,45.86,36.90,-58.43,25.00,101.89,1635.48,1237.69,395.82,1.42
15630050,1,47.50,38.00,-59.71,24.80,101.89,1622.58,1071.71,640.66,1.61
15691090,1,46.46,37.90,2.87,24.70,101.94,1635.48,2369.01,1029.51,3.06
15752130,1,46.84,38.50,-61.18,24.70,101.89,1627.42,1446.85,780.93,2.07
15813170,1,46.13,39.00,-16.22,22.50,101.93,1635.48,2496.06,1045.35,3.18
15874209,1,44.07,37.80,-61.62,23.20,101.89,1635.48,2354.66,969.65,2.98
15935249,1,45.50,38.50,-61.33,22.70,101.88,1635.48,2390.30,948.54,2.97
15996292,1,47.21,39.20,-62.05,23.30,101.88,1635.48,2322.54,865.84,2.82
16057331,1,48.59,39.60,-63.43,23.30,101.87,1630.65,1613.60,670.18,2.05
16118371,1,44.91,38.50,-39.85,22.40,101.91,1620.97,921.03,516.21,1.34
16179412,1,40.66,36.90,5.50,23.10,101.94,1632.26,1669.56,630.94,2.04
16240452,1,38.86,35.30,-44.73,23.80,101.90,1622.58,1014.93,536.52,1.44
16301492,1,39.09,34.60,2.56,23.80,101.94,1620.97,842.54,473.06,1.23
16362532,1,34.75,32.60,10.12,24.50,101.94,1620.97,872.28,479.56,1.26
16423574,1,31.82,30.50,11.26,25.80,101.94,1629.03,1132.76,477.56,1.45
16484614,1,32.04,29.30,-21.63,27.60,101.92,1635.48,1124.94,-168.39,0.60
16545653,1,33.54,29.40,-59.73,27.60,101.87,1630.65,915.02,47.82,0.74
16606693,1,37.88,31.50,-34.25,27.50,101.90,1619.35,826.36,503.69,1.26
16667734,1,38.32,31.90,15.81,26.80,101.93,1617.74,842.81,529.37,1.30
16728774,1,35.57,30.80,16.48,26.70,101.94,1635.48,1517.85,-2.54,1.11
16789814,1,36.88,31.40,-60.27,27.20,101.86,1616.13,857.86,563.02,1.36
16850856,1,36.07,31.30,20.04,27.10,101.94,1616.13,805.68,535.62,1.28
16911895,1,33.54,30.50,21.26,26.70,101.94,1616.13,797.81,516.17,1.25
16972935,1,31.50,29.30,20.66,27.10,101.93,1635.48,359.15,-114.27,0.11
17033975,1,33.43,29.90,-58.56,27.80,101.86,1616.13,735.32,470.85,1.15
17095015,1,31.50,28.40,20.32,27.70,101.93,1616.13,721.42,463.23,1.13
17156055,1,30.73,27.70,22.46,29.80,101.93,1614.52,731.51,460.40,1.13
17217094,1,30.55,27.30,21.93,29.90,101.92,1617.74,730.77,439.36,1.10
17278134,1,30.37,27.00,21.91,29.70,101.92,1616.13,740.36,442.06,1.11
17339176,1,30.29,26.80,22.12,30.50,101.92,1617.74,746.13,449.33,1.13
17400216,1,29.27,26.60,23.11,30.20,101.92,1619.35,789.21,447.98,1.16
17461256,1,29.23,26.50,23.74,31.50,101.92,1616.13,760.78,433.03,1.12
17522297,1,29.61,26.50,23.89,31.20,101.92,1620.97,825.63,469.89,1.21
17583337,1,30.14,26.40,21.28,31.70,101.92,1619.35,870.59,526.14,1.32
17644376,1,29.32,26.10,23.70,30.70,101.92,1619.35,947.99,568.75,1.43
17705416,1,29.05,25.80,23.74,31.50,101.92,1635.48,2598.05,568.08,2.63
17766459,1,33.71,27.70,-57.85,33.20,101.85,1635.48,2627.91,585.63,2.68
17827504,1,38.96,30.40,-58.25,30.20,101.85,1635.48,2702.17,591.78,2.74
17888543,1,41.63,32.30,-59.47,29.60,101.84,1635.48,2631.62,580.54,2.67
17949583,1,43.16,34.00,-59.21,26.80,101.85,1633.87,2286.38,601.02,2.45
18010624,1,42.43,34.30,-53.81,26.80,101.79,1633.87,2448.75,615.37,2.59
18071664,1,42.02,34.50,-57.24,27.30,101.75,1633.87,2360.67,596.83,2.50
18132703,1,41.91,34.30,-57.39,26.80,101.81,1627.42,1482.75,691.87,1.98
18193753,1,41.54,34.30,-14.40,25.30,101.89,1622.58,1082.91,623.81,1.60
18254793,1,37.61,33.00,2.32,24.80,101.90,1622.58,1035.36,588.12,1.52
18315832,1,35.29,32.10,5.76,25.60,101.91,1622.58,1035.11,557.97,1.48
18376873,1,33.41,30.90,5.07,26.00,101.90,1625.81,1161.97,569.84,1.59
18437912,1,32.29,29.70,1.16,26.90,101.90,1627.42,1237.80,587.28,1.67
18498952,1,33.43,29.40,-3.21,28.30,101.90,1632.26,1930.97,528.28,2.09
18559992,1,34.55,30.00,-37.38,28.40,101.87,1633.87,2147.16,552.49,2.28
18621034,1,36.59,31.00,-42.51,27.80,101.86,1633.87,2112.44,603.21,2.32
18682074,1,36.54,31.20,-38.48,27.30,101.87,1633.87,2108.09,617.39,2.34
18743113,1,37.57,31.40,-28.37,28.20,101.86,1632.26,2117.51,654.10,2.39
18804153,1,38.46,32.30,-24.64,26.60,101.87,1633.87,2264.64,635.99,2.48
18865193,1,38.68,32.30,-30.73,26.80,101.85,1632.26,1982.31,572.44,2.19
18926233,1,38.14,32.30,-29.32,25.90,101.86,1629.03,1456.87,641.94,1.90
18987272,1,36.70,31.90,-15.22,26.70,101.88,1625.81,1235.35,634.22,1.72
19048315,1,36.25,31.70,-3.38,28.30,101.89,1625.81,1161.50,577.19,1.60
19109355,1,35.73,31.40,-3.66,27.20,101.89,1627.42,1312.75,585.83,1.72
19170394,1,35.02,31.30,-10.06,28.10,101.88,1630.65,1417.63,590.83,1.80
19231434,1,36.43,31.60,-17.61,27.60,101.87,1630.65,1448.87,582.94,1.81
19292474,1,36.02,31.70,-23.23,26.70,101.87,1632.26,1712.11,675.63,2.13
19353514,1,37.21,32.10,-30.71,28.30,101.87,1630.65,1473.94,652.95,1.92
19414554,1,35.29,31.40,-20.26,28.30,101.87,1629.03,1438.56,654.02,1.90
19475596,1,35.66,31.10,-17.45,27.50,101.87,1627.42,1367.42,646.40,1.84
19536636,1,35.77,31.10,-14.29,27.10,101.87,1627.42,1323.40,654.61,1.81
19597676,1,34.93,30.70,-10.47,26.90,101.88,1625.81,1254.10,648.24,1.75
19658715,1,35.41,30.60,-6.30,27.90,101.87,1625.81,1193.20,604.99,1.66
19719755,1,34.82,30.40,-5.04,28.80,101.88,1625.81,1014.43,522.09,1.42
19780796,1,33.45,29.80,1.77,28.10,101.89,1624.19,947.79,471.60,1.30
19841836,1,32.02,29.30,4.59,28.50,101.88,1622.58,931.04,452.52,1.27
19902875,1,32.88,29.20,4.32,28.80,101.88,1624.19,951.13,440.52,1.27
19963917,1,32.91,29.10,1.33,28.50,101.88,1625.81,1038.64,439.46,1.33
20024957,1,32.61,29.00,-4.15,28.70,101.87,1629.03,1276.76,543.95,1.64
20085997,1,32.82,28.70,-12.30,29.30,101.87,1627.42,1325.88,606.32,1.75
20147037,1,34.36,29.30,-12.12,29.10,101.87,1629.03,1379.99,666.48,1.87
20208077,1,34.30,29.50,-12.21,30.30,101.87,1630.65,1731.87,747.89,2.23
20269117,1,34.55,29.30,-30.93,29.40,101.85,1630.65,1691.75,728.86,2.18
20330157,1,35.46,29.80,-30.89,28.50,101.85,1629.03,1515.93,710.11,2.03
20391199,1,36.96,30.60,-21.18,29.40,101.86,1630.65,1603.20,725.28,2.11
20452239,1,37.89,31.40,-27.20,28.90,101.86,1630.65,1548.81,711.51,2.05
20513278,1,38.68,32.00,-25.85,28.30,101.86,1629.03,1521.88,711.72,2.03
20574318,1,37.04,31.80,-24.34,26.90,101.86,1629.03,1385.89,665.67,1.87
20635358,1,37.39,31.90,-15.57,29.00,101.87,1627.42,1206.93,574.59,1.63
20696398,1,36.93,32.00,-9.72,27.60,101.86,1630.65,1489.36,665.57,1.95
20757438,1,37.39,32.10,-25.06,26.90,101.85,1633.87,1870.78,735.62,2.32
20818480,1,39.91,33.00,-48.35,27.90,101.83,1632.26,1608.17,654.19,2.02
20879520,1,38.23,32.90,-36.78,26.50,101.85,1633.87,1817.32,689.33,2.22
20940559,1,39.86,33.30,-47.97,27.00,101.83,1632.26,1823.99,724.05,2.27
21001599,1,40.80,33.50,-45.59,26.10,101.83,1627.42,1304.03,612.83,1.75
21062639,1,37.71,32.60,-15.61,25.50,101.86,1627.42,1284.13,637.81,1.76
21123678,1,36.84,32.40,-11.28,26.30,101.85,1625.81,1230.83,622.27,1.71
21184718,1,36.11,32.00,-7.66,26.50,101.86,1629.03,1373.31,662.70,1.86
21245760,1,34.96,31.30,-13.34,27.10,101.85,1625.81,1153.07,563.01,1.57
21306800,1,34.13,30.50,-5.22,26.70,101.86,1627.42,1306.76,606.18,1.74
21367839,1,33.05,29.70,-11.65,28.00,101.84,1629.03,1323.35,631.05,1.78
21428879,1,32.95,29.20,-10.97,28.60,101.82,1629.03,1444.49,670.44,1.92
21489919,1,32.11,28.90,-16.42,29.00,101.84,1627.42,1371.48,665.60,1.86
21550958,1,33.89,29.60,-12.18,29.00,101.85,1625.81,1291.32,656.22,1.79
21611998,1,33.54,29.50,-7.01,28.30,101.85,1625.81,1299.69,658.34,1.80
21673040,1,33.71,29.60,-6.48,28.80,101.86,1629.03,1539.39,693.49,2.02
21734081,1,34.38,30.00,-22.07,28.10,101.85,1632.26,1852.75,748.46,2.32
21795120,1,35.86,30.40,-39.17,28.80,101.83,1630.65,1664.76,728.61,2.16
21856160,1,35.41,30.40,-30.94,27.70,101.83,1627.42,1360.85,677.95,1.87
21917200,1,33.86,29.90,-11.13,28.10,101.85,1627.42,1310.99,662.31,1.82
21978239,1,33.34,29.40,-7.45,28.40,101.85,1627.42,1335.14,669.68,1.84
22039279,1,33.68,29.30,-8.78,28.80,101.85,1627.42,1360.73,663.21,1.85
22100321,1,32.50,29.10,-11.08,27.90,101.85,1629.03,1379.15,632.15,1.83
22161361,1,32.86,29.30,-14.70,28.20,101.84,1630.65,1509.88,606.27,1.89
22222400,1,33.16,29.50,-24.61,28.10,101.83,1632.26,1750.03,654.93,2.13
22283440,1,34.23,29.90,-34.41,29.50,101.81,1633.87,2185.49,736.42,2.55
22344480,1,38.18,31.70,-50.46,29.80,101.79,1635.48,2678.27,748.92,2.93
22405520,1,42.55,34.20,-64.77,27.80,101.76,1635.48,2602.43,787.10,2.92
22466560,1,45.11,35.80,-63.75,26.50,101.76,1635.48,2643.64,824.02,3.00
22527599,1,45.54,36.80,-63.69,25.20,101.76,1635.48,2596.00,813.42,2.95
22588642,1,44.39,36.70,-63.53,24.60,101.75,1635.48,2583.00,811.88,2.94
22649682,1,44.36,36.90,-64.24,23.90,101.76,1633.87,2547.62,797.18,2.89
22710722,1,45.43,37.70,-64.07,25.90,101.76,1633.87,2311.49,739.46,2.65
22771762,1,42.82,36.70,-60.80,23.90,101.77,1633.87,2180.68,686.78,2.48
22832802,1,42.55,36.60,-60.24,23.20,101.77,1620.97,1036.96,597.52,1.53
22893842,1,40.13,35.10,7.27,24.00,101.85,1622.58,1139.15,616.56,1.63
22954882,1,36.34,33.20,5.21,24.60,101.84,1633.87,2483.50,700.56,2.72
23015924,1,38.54,33.60,-62.22,26.30,101.75,1629.03,1642.35,742.90,2.16
23076963,1,41.61,34.60,-21.39,25.50,101.81,1635.48,2425.44,677.81,2.65
23138003,1,41.77,35.50,-62.80,25.50,101.76,1635.48,2337.14,628.90,2.52
23199043,1,42.07,35.60,-62.28,25.30,101.76,1633.87,2293.33,607.57,2.46
23260083,1,40.16,35.50,-61.89,23.80,101.77,1635.48,2294.36,550.46,2.39
23321123,1,38.80,34.20,-61.88,24.70,101.76,1635.48,2227.06,522.43,2.30
23382163,1,40.36,34.60,-61.97,25.30,101.76,1635.48,2229.54,579.80,2.38
23443205,1,41.77,35.60,-61.16,26.00,101.76,1627.42,1326.20,580.72,1.72
23504245,1,43.04,36.20,-19.13,24.70,101.82,1620.97,920.96,537.80,1.37
23565285,1,37.82,34.50,7.95,23.70,101.85,1635.48,2474.65,721.91,2.74
23626324,1,37.70,33.70,-61.45,26.70,101.75,1637.10,2646.36,885.43,3.08
23687364,1,43.70,36.10,-58.48,26.20,101.73,1633.87,2175.02,824.76,2.66
23748404,1,46.52,37.50,-29.83,24.50,101.76,1617.74,915.22,584.13,1.43
23809444,1,40.57,34.90,12.88,24.50,101.84,1617.74,924.55,596.50,1.45
23870486,1,37.30,33.50,15.51,25.00,101.84,1635.48,2322.07,748.76,2.67
23931526,1,41.52,35.10,-0.02,27.00,101.73,1620.97,1021.26,623.57,1.55
23992566,1,39.89,34.20,11.81,24.60,101.84,1635.48,2305.93,671.28,2.55
24053606,1,44.27,36.30,-2.81,25.20,101.73,1635.48,2250.73,637.06,2.47
24114646,1,43.89,36.50,-3.96,24.90,101.72,1633.87,2286.80,676.81,2.55
24175686,1,45.41,37.20,-2.57,25.00,101.73,1635.48,2354.51,711.97,2.64
24236726,1,45.61,38.10,-2.50,24.50,101.73,1633.87,2287.13,681.44,2.55
24297768,1,45.04,38.30,-4.45,23.90,101.73,1619.35,1006.26,623.89,1.54
24358808,1,39.96,35.10,10.19,23.00,101.83,1619.35,911.00,558.01,1.39
24419848,1,36.59,33.20,13.92,24.30,101.83,1619.35,920.82,567.13,1.41
24480888,1,34.57,31.90,16.94,26.10,101.83,1635.48,2084.48,589.55,2.29
24541928,1,36.43,32.50,-59.32,27.00,101.72,1637.10,2086.04,634.79,2.35
24602968,1,40.07,34.40,-63.44,26.30,101.71,1635.48,1992.03,660.03,2.31
24664007,1,44.20,36.20,-65.00,26.00,101.70,1635.48,1974.35,671.50,2.31
24725049,1,46.50,37.80,-66.07,27.00,101.70,1635.48,1834.00,578.79,2.09
24786089,1,47.45,38.90,-66.08,24.30,101.70,1635.48,1859.93,543.10,2.09
24847129,1,43.61,38.10,-66.25,23.50,101.70,1633.87,1878.87,519.87,2.05
24908169,1,45.27,38.70,-66.40,24.50,101.70,1632.26,1645.22,606.03,1.99
24969209,1,47.34,40.10,-58.10,23.30,101.73,1635.48,1815.80,460.49,1.92
25030248,1,44.63,38.70,-66.33,25.30,101.71,1619.35,962.99,603.20,1.48
25091288,1,38.41,35.40,10.36,22.90,101.81,1622.58,978.11,564.43,1.45
25152329,1,36.70,33.70,10.43,24.40,101.81,1619.35,975.98,593.22,1.48
25213371,1,36.89,33.20,12.95,24.90,101.82,1617.74,897.91,588.21,1.42
25274411,1,35.50,32.40,16.88,26.00,101.82,1617.74,810.05,527.14,1.27
25335450,1,35.34,31.80,19.00,26.90,101.82,1617.74,761.78,477.97,1.18
25396490,1,32.91,30.60,18.80,27.30,101.82,1622.58,872.56,474.14,1.25
25457531,1,32.25,30.10,11.70,27.30,101.81,1622.58,970.69,504.35,1.36
25518570,1,34.36,30.80,6.46,27.50,101.80,1620.97,910.91,512.61,1.33
25579610,1,34.77,30.60,11.92,28.90,101.81,1620.97,855.04,498.10,1.27
25640652,1,34.48,30.40,14.28,27.60,101.81,1620.97,880.45,486.32,1.27
25701692,1,33.79,29.80,12.96,27.80,101.81,1635.48,1532.36,97.95,1.25
25762731,1,36.23,31.00,-60.84,28.90,101.72,1633.87,1713.18,123.12,1.41
25823771,1,40.07,32.80,-64.86,28.70,101.70,1635.48,1742.02,152.91,1.47
25884811,1,42.02,34.70,-65.96,27.20,101.69,1635.48,1712.79,142.72,1.44
25945851,1,43.27,35.80,-66.06,25.50,101.64,1633.87,1626.31,60.84,1.27
26006890,1,41.84,35.80,-66.51,24.50,101.65,1624.19,1062.31,558.37,1.50
26067932,1,37.54,33.50,0.13,24.70,101.80,1620.97,968.62,556.57,1.43
26128972,1,36.07,32.30,9.76,25.80,101.80,1633.87,1255.26,90.47,1.03
26190012,1,36.27,33.10,-59.21,25.90,101.74,1635.48,1443.02,19.54,1.08
26251052,1,39.32,34.30,-65.55,25.90,101.78,1619.35,930.19,566.62,1.41
26312092,1,37.64,33.00,13.25,25.40,101.81,1616.13,872.13,573.19,1.38
26373131,1,32.64,30.80,20.04,26.90,101.81,1616.13,844.35,563.77,1.35
26434171,1,32.68,30.10,23.18,28.40,101.81,1629.03,976.61,282.37,1.08
26495213,1,32.64,29.70,-16.86,28.20,101.81,1633.87,1297.46,-219.10,0.66
26556253,1,39.00,32.90,-62.46,28.40,101.81,1635.48,1347.62,-251.61,0.66
26617293,1,41.11,34.40,-63.94,26.90,101.80,1633.87,1353.87,-312.89,0.58
26678333,1,43.14,36.00,-64.39,25.80,101.80,1635.48,1353.02,-366.18,0.51
26739373,1,45.41,37.30,-64.65,25.60,101.80,1633.87,1282.99,-413.64,0.40
26800413,1,44.07,36.90,-64.13,24.30,101.81,1633.87,1386.06,-364.40,0.54
26861452,1,44.39,37.40,-64.46,25.00,101.81,1633.87,1258.00,-230.01,0.62
26922495,1,42.63,36.40,-59.94,23.90,101.81,1635.48,1346.33,-351.95,0.53
26983535,1,38.88,34.50,-62.75,25.40,101.80,1633.87,1416.66,-266.36,0.69
27044575,1,42.27,36.30,-63.16,25.50,101.80,1635.48,1394.61,-218.10,0.74
27105615,1,44.59,37.60,-64.24,24.30,101.80,1635.48,1332.88,-240.42,0.66
27166655,1,45.52,38.20,-64.81,24.80,101.80,1635.48,1272.76,-240.42,0.62
27227694,1,46.21,38.70,-65.24,24.20,101.80,1635.48,1193.76,-237.14,0.56
27288734,1,47.80,39.30,-64.83,26.40,101.80,1627.42,984.75,200.55,0.98
27349776,1,41.55,36.20,-33.05,23.90,101.80,1635.48,1140.76,-307.36,0.44
27410815,1,41.41,36.70,-65.96,24.10,101.80,1614.52,699.17,459.48,1.11
27471855,1,37.07,33.60,17.75,24.70,101.80,1614.52,663.30,441.26,1.06
27532895,1,34.16,31.80,21.18,25.80,101.80,1614.52,695.99,451.11,1.09
27593934,1,33.18,30.90,19.66,26.60,101.79,1632.26,1076.34,103.94,0.92
27654974,1,33.77,30.90,-39.26,27.70,101.79,1625.81,951.42,391.18,1.20
27716015,1,36.48,31.90,-1.74,27.20,101.78,1620.97,972.74,518.77,1.38
27777055,1,35.93,31.30,9.38,27.20,101.78,1633.87,1407.62,-131.90,0.86
27838097,1,38.36,33.20,-63.75,27.70,101.78,1633.87,1368.76,-124.06,0.84
27899137,1,40.64,35.10,-64.62,26.00,101.77,1633.87,1392.84,-81.98,0.91
27960177,1,41.29,35.60,-64.47,25.40,101.78,1635.48,1377.62,-45.13,0.94
28021217,1,43.34,36.80,-64.68,25.40,101.78,1633.87,1346.98,-45.05,0.93
28082257,1,45.20,37.90,-64.83,25.80,101.80,1632.26,1361.82,34.46,1.04
28143297,1,44.11,38.20,-63.32,23.90,101.84,1620.97,879.71,481.54,1.27
28204337,1,40.45,35.60,7.66,25.30,101.78,1612.90,688.73,476.55,1.12
28265379,1,36.02,33.20,22.71,25.50,101.78,1611.29,648.83,457.30,1.07
28326419,1,34.77,32.00,24.30,26.20,101.77,1629.03,906.11,238.96,0.97
28387458,1,33.68,31.40,-23.24,28.30,101.73,1635.48,1175.70,-146.10,0.67
28448498,1,38.39,33.50,-63.14,26.70,101.66,1617.74,736.45,440.17,1.11
28509538,1,38.54,33.10,14.55,26.00,101.76,1616.13,741.86,451.53,1.13
28570577,1,35.41,31.50,17.15,26.90,101.76,1617.74,757.16,461.93,1.15
28631617,1,34.43,30.60,19.77,28.30,101.76,1622.58,836.55,364.64,1.08
28692660,1,33.13,30.00,5.32,28.60,101.74,1632.26,1197.41,67.89,0.96
28753700,1,34.63,30.60,-49.08,29.20,101.68,1633.87,1637.91,94.61,1.32
28814739,1,39.20,33.00,-63.69,28.40,101.65,1633.87,1722.46,196.64,1.51
28875780,1,41.38,34.70,-63.96,28.60,101.64,1633.87,1709.88,254.78,1.58
28936820,1,42.11,35.70,-63.10,25.80,101.64,1633.87,1716.12,226.43,1.55
28997859,1,41.86,36.00,-64.03,25.10,101.64,1633.87,1759.16,243.12,1.60
29058899,1,43.93,36.30,-64.13,26.50,101.64,1633.87,1692.97,195.94,1.49
29119941,1,43.57,36.80,-64.41,25.20,101.64,1635.48,1702.87,241.67,1.56
29180981,1,45.39,37.90,-64.17,25.30,101.64,1633.87,1612.93,229.01,1.47
29242021,1,45.18,38.30,-63.82,24.00,101.65,1632.26,1648.59,252.69,1.53
29303061,1,44.75,38.20,-63.92,24.50,101.64,1633.87,1671.29,261.75,1.56
29364101,1,45.36,38.90,-64.11,24.90,101.64,1633.87,1654.18,229.90,1.51
29425141,1,46.46,39.10,-64.17,24.10,101.64,1635.48,1590.00,171.33,1.38
29486181,1,45.61,39.30,-64.45,23.70,101.64,1633.87,1587.93,133.72,1.33
29547224,1,46.54,39.90,-65.04,23.50,101.63,1635.48,1551.04,95.02,1.26
29608264,1,47.41,40.50,-65.46,23.30,101.63,1633.87,1403.62,7.08,1.03
29669304,1,45.25,39.50,-65.60,22.70,101.63,1633.87,1271.35,65.52,1.01
29730344,1,44.34,38.50,-61.33,24.40,101.64,1632.26,1140.26,37.78,0.88
29791383,1,41.54,37.20,-59.20,23.60,101.66,1617.74,816.24,484.89,1.22
29852423,1,41.59,36.10,11.52,24.60,101.74,1616.13,732.04,454.90,1.12
29913463,1,36.68,33.50,16.40,24.50,101.74,1616.13,707.59,438.59,1.09
29974502,1,33.82,31.80,19.29,25.70,101.73,1616.13,718.14,444.48,1.10
30035544,1,32.98,30.90,20.99,27.70,101.73,1629.03,889.92,229.41,0.95
30096584,1,33.34,30.80,-19.98,27.80,101.69,1633.87,1109.19,-223.81,0.52
30157623,1,36.39,32.90,-62.51,27.70,101.63,1629.03,1017.26,201.44,1.00
30218663,1,40.52,34.90,-28.50,26.70,101.69,1620.97,854.24,439.92,1.19
30279703,1,37.89,33.00,6.88,25.50,101.72,1632.26,873.99,-17.70,0.62
30340743,1,37.70,33.50,-47.82,26.60,101.66,1633.87,912.09,-299.99,0.28
30401783,1,41.13,35.20,-63.03,27.20,101.62,1633.87,920.01,-293.55,0.29
30462825,1,42.16,36.00,-63.55,25.60,101.61,1625.81,804.94,225.34,0.88
30523865,1,43.30,36.40,-15.83,25.00,101.69,1632.26,898.21,-34.91,0.61
30584905,1,41.34,35.20,-53.71,26.50,101.65,1619.35,783.81,439.91,1.14
30645944,1,40.41,34.50,10.62,27.10,101.72,1616.13,694.51,419.14,1.05
30706984,1,37.29,33.10,16.52,25.70,101.72,1614.52,644.32,392.59,0.98
30768025,1,35.09,31.90,19.97,26.40,101.73,1617.74,626.21,356.20,0.92
30829065,1,34.05,31.00,19.78,27.50,101.72,1633.87,917.97,-242.93,0.36
30890107,1,34.54,31.70,-60.48,27.40,101.62,1632.26,940.08,-101.62,0.56
30951147,1,37.16,32.80,-54.61,28.60,101.65,1633.87,1028.33,-237.77,0.44
31012186,1,38.25,33.90,-62.70,26.20,101.62,1633.87,1060.75,-214.63,0.50
31073226,1,39.73,35.00,-62.47,25.70,101.61,1633.87,1073.85,-204.45,0.52
31134267,1,40.36,35.40,-62.10,25.50,101.61,1633.87,1065.25,-216.67,0.50
31195307,1,39.23,35.30,-61.86,25.80,101.62,1632.26,1069.37,-179.70,0.55
31256347,1,40.80,35.80,-60.84,25.70,101.61,1633.87,1110.56,-155.29,0.61
31317389,1,42.98,36.80,-60.09,25.70,101.61,1633.87,1126.40,-158.44,0.62
31378428,1,45.02,37.90,-59.75,25.10,101.61,1633.87,1104.77,-225.63,0.51
31439469,1,44.09,38.20,-58.91,24.40,101.61,1633.87,1052.34,-308.06,0.37
31500509,1,42.27,37.80,-57.86,23.80,101.62,1633.87,1035.91,-344.55,0.31
31561549,1,41.63,37.30,-56.89,24.80,101.62,1632.26,977.59,-406.88,0.19
31622589,1,39.77,35.90,-56.63,24.50,101.61,1633.87,985.62,-375.80,0.23
31683629,1,41.75,36.50,-50.54,26.00,101.57,1633.87,902.70,-414.87,0.12
31744671,1,40.43,36.40,-46.08,24.40,101.52,1627.42,742.20,151.87,0.68
31805710,1,37.80,33.70,-1.94,25.20,101.62,1633.87,879.14,-433.26,0.08
31866750,1,40.39,35.80,-41.81,26.20,101.45,1614.52,661.41,398.51,1.00
31927790,1,38.98,34.20,19.51,24.00,101.71,1614.52,648.45,384.26,0.97
31988830,1,36.27,32.60,20.63,25.40,101.70,1616.13,645.86,386.13,0.97
32049869,1,34.77,31.50,21.90,25.80,101.70,1627.42,741.26,20.03,0.57
32110909,1,36.75,33.00,-4.11,26.80,101.65,1622.58,673.92,259.21,0.83
32171952,1,35.64,31.70,12.33,26.60,101.69,1630.65,723.75,-616.17,-0.27
32232992,1,38.71,33.80,-25.39,28.70,101.66,1633.87,753.90,-617.54,-0.25
32294031,1,40.18,35.10,-21.50,25.70,101.68,1633.87,750.09,-658.10,-0.30
32355071,1,38.32,34.70,-14.72,26.10,101.70,1627.42,709.12,-29.73,0.48
32416110,1,39.32,34.20,7.07,26.00,101.70,1616.13,666.19,384.44,0.98
32477150,1,37.39,32.80,18.26,26.20,101.70,1614.52,660.72,398.11,1.00
32538190,1,35.05,31.50,20.56,26.70,101.70,1616.13,657.92,402.87,1.00
32599229,1,32.38,29.90,22.23,27.30,101.70,1616.13,642.03,394.66,0.98
32660271,1,30.96,28.90,24.00,28.20,101.70,1632.26,486.49,-798.69,-0.68
32721311,1,30.79,29.10,15.42,29.50,101.69,1632.26,548.88,-824.47,-0.67
32782352,1,34.20,31.50,13.29,28.00,101.69,1633.87,611.36,-793.39,-0.58
32843392,1,36.91,33.00,11.84,27.80,101.69,1633.87,704.30,-776.65,-0.49
32904432,1,39.45,34.30,10.31,27.50,101.68,1632.26,757.44,-769.09,-0.44
32965471,1,40.36,34.90,9.83,25.50,101.69,1633.87,809.69,-761.37,-0.39
33026512,1,41.71,35.90,11.02,26.20,101.69,1630.65,787.21,-371.97,0.09
33087554,1,41.96,36.10,14.00,24.70,101.69,1633.87,773.37,-772.73,-0.44
33148594,1,42.98,37.10,11.59,24.80,101.69,1630.65,712.98,-784.24,-0.50
33209634,1,42.38,37.00,11.52,24.00,101.68,1633.87,680.38,-777.46,-0.51
33270674,1,42.11,36.90,12.82,25.10,101.69,1632.26,606.23,-773.83,-0.56
33331714,1,41.25,36.70,13.92,24.00,101.68,1611.29,580.78,348.03,0.88
33392754,1,39.66,34.80,23.74,24.10,101.68,1617.74,573.92,280.16,0.78
33453794,1,35.77,32.70,25.82,26.10,101.68,1609.68,531.21,340.06,0.83
33514836,1,34.75,31.80,26.39,25.60,101.68,1606.45,524.44,370.45,0.86
33575875,1,33.66,30.60,28.78,26.60,101.68,1603.23,495.37,364.84,0.83
33636915,1,32.27,29.60,31.22,28.30,101.68,1603.23,470.66,345.14,0.79
33697956,1,31.30,28.80,31.39,28.30,101.68,1604.84,461.30,328.00,0.76
33758996,1,30.16,28.20,31.79,29.50,101.67,1606.45,450.11,315.02,0.74
33820035,1,29.50,27.70,32.15,29.20,101.67,1616.13,445.01,227.78,0.62
33881075,1,29.11,27.40,31.60,29.80,101.67,1630.65,382.56,-558.91,-0.44
33942117,1,30.68,28.80,22.33,29.70,101.65,1632.26,492.41,-652.94,-0.49
34003157,1,34.75,31.30,16.27,28.50,101.64,1632.26,599.62,-634.31,-0.38
34064197,1,37.82,33.20,11.16,27.30,101.64,1632.26,685.67,-627.41,-0.31
34125237,1,40.00,34.50,9.54,27.00,101.65,1632.26,735.23,-609.31,-0.25
34186277,1,39.82,35.30,9.17,25.80,101.65,1632.26,764.61,-592.61,-0.21
34247316,1,38.32,34.70,10.31,25.50,101.65,1633.87,753.23,-541.06,-0.15
34308357,1,38.50,34.60,13.32,25.10,101.65,1632.26,729.75,-503.69,-0.13
34369399,1,39.21,34.90,15.12,25.70,101.65,1633.87,690.90,-461.38,-0.09
34430439,1,39.66,35.10,15.20,25.10,101.67,1630.65,606.45,-374.66,-0.04
34491479,1,39.61,35.10,17.04,25.10,101.66,1629.03,499.07,-240.67,0.05
34552518,1,39.34,34.70,18.91,26.00,101.66,1624.19,396.83,-51.17,0.22
34613558,1,35.77,32.80,22.11,26.80,101.66,1624.19,376.50,-91.31,0.16
34674597,1,35.52,32.40,22.44,26.20,101.66,1620.97,357.77,-16.22,0.24
34735637,1,34.73,31.80,23.52,26.30,101.66,1617.74,361.34,90.90,0.39
34796676,1,33.04,30.50,26.54,27.20,101.66,1619.35,331.36,-15.86,0.22
34857718,1,31.86,29.60,26.60,28.40,101.65,1614.52,331.38,86.59,0.35
34918758,1,31.84,29.20,27.52,28.90,101.65,1609.68,338.84,120.34,0.40
34979797,1,30.62,28.60,28.22,28.90,101.65,1608.06,340.37,119.84,0.40
35040837,1,29.70,27.90,29.70,29.70,101.65,1611.29,331.00,105.92,0.38
35101877,1,29.59,27.60,31.81,31.40,101.64,1619.35,325.14,-33.12,0.19
35162917,1,29.64,27.60,31.85,31.00,101.65,1625.81,346.72,-241.03,-0.06
35223956,1,31.02,28.50,30.40,30.70,101.65,1627.42,374.05,-279.46,-0.09
35284998,1,32.70,29.70,28.37,29.90,101.66,1629.03,382.18,-252.05,-0.05
35346038,1,33.93,30.50,26.77,29.00,101.65,1622.58,349.09,-73.25,0.16
35407078,1,34.48,30.80,26.99,28.50,101.65,1611.29,324.69,110.43,0.38
35468118,1,33.39,30.10,27.98,28.20,101.65,1611.29,324.18,107.75,0.38
35529157,1,31.64,28.90,28.98,28.20,101.65,1611.29,314.05,101.77,0.36
35590197,1,30.21,27.90,30.98,30.30,101.65,1606.45,308.94,119.58,0.38
35651237,1,30.02,27.40,32.04,29.40,101.64,1614.52,305.55,55.67,0.30
35712279,1,29.86,27.10,32.28,30.00,101.64,1614.52,309.18,72.35,0.32
35773319,1,29.82,27.20,32.29,30.40,101.64,1601.61,422.44,285.36,0.68
35834359,1,29.45,26.70,35.65,30.80,101.64,1601.61,433.75,299.54,0.70
35895398,1,29.09,26.30,36.33,31.00,101.64,1606.45,410.15,253.51,0.63
35956437,1,27.96,25.80,35.70,31.00,101.64,1606.45,411.49,257.66,0.63
36017477,1,27.86,25.60,37.16,32.50,101.64,1606.45,428.22,288.61,0.69
36078516,1,27.75,25.40,39.08,34.20,101.63,1606.45,424.70,284.52,0.68
36139555,1,28.18,25.30,38.45,34.60,101.63,1606.45,423.20,276.62,0.67
36200597,1,28.14,25.20,38.23,34.60,101.63,1606.45,426.37,272.98,0.67
36261637,1,27.75,25.10,37.60,35.00,101.63,1608.06,426.46,262.15,0.65
36322676,1,27.20,24.90,35.75,33.40,101.62,1609.68,415.44,235.10,0.61
36383716,1,27.61,24.80,35.51,34.80,101.62,1616.13,361.16,147.14,0.45
36444756,1,27.96,25.00,34.00,35.40,101.62,1612.90,385.87,194.93,0.53
36505796,1,27.87,25.10,33.81,33.10,101.62,1612.90,392.53,189.98,0.53
36566836,1,28.36,25.20,33.39,34.80,101.62,1614.52,363.13,151.14,0.46
36627878,1,28.54,25.30,32.23,33.70,101.61,1612.90,361.52,150.88,0.46
